longitude,latitude
-87.70394,41.970715
-81.697451,41.490987
-117.61613,45.152354
-81.45588,44.413164
-116.99649,32.849672
-74.10918,40.595304
-87.652288,41.945473
-80.708652,35.452752
-76.45442,42.4566
-72.972394,43.611946
-72.875937,43.449383
-76.45442,42.4566
-76.45442,42.4566
-106.273999,35.780847
-77.2872,37.304315
-81.651233,41.402169
-83.187667,35.052486
-105.162453,39.977567
-106.334833,35.191926
-74.008896,40.703323
-75.76648,39.729347
-88.110988,42.981741
-126.698431,52.374171
-77.962907,43.366757
-120.240734,39.432294
-97.639428,30.438587
-108.595787,37.338024
-108.595787,37.338024
-108.595787,37.338024
-108.595787,37.338024
-108.595787,37.338024
-108.595787,37.338024
-108.595787,37.338024
-108.595787,37.338024
-108.595787,37.338024
-108.595787,37.338024
-108.595787,37.338024
-108.595787,37.338024
-108.595787,37.338024
-108.595787,37.338024
-108.595787,37.338024
-108.595787,37.338024
-108.595787,37.338024
-108.595787,37.338024
-108.595787,37.338024
-108.595787,37.338024
-108.595787,37.338024
-108.595787,37.338024
-108.595787,37.338024
-108.595787,37.338024
-108.595787,37.338024
-108.595787,37.338024
-108.595787,37.338024
-108.595787,37.338024
-108.595787,37.338024
-108.595787,37.338024
-108.595787,37.338024
-108.595787,37.338024
-108.595787,37.338024
-108.595787,37.338024
-108.595787,37.338024
-108.595787,37.338024
-108.595787,37.338024
-108.595787,37.338024
-108.595787,37.338024
-108.595787,37.338024
-108.595787,37.338024
-108.595787,37.338024
-108.595787,37.338024
-108.595787,37.338024
-108.595787,37.338024
-108.595787,37.338024
-108.595787,37.338024
-108.595787,37.338024
-108.595787,37.338024
-108.595787,37.338024
-108.595787,37.338024
-108.595787,37.338024
-108.595787,37.338024
-108.595787,37.338024
-108.595787,37.338024
-108.595787,37.338024
-108.595787,37.338024
-108.595787,37.338024
-108.595787,37.338024
-108.595787,37.338024
-111.714208,41.753662
-97.210089,49.874946
-104.727659,38.797771
-87.671221,41.873864
-111.089142,31.399728
-81.58082,41.345031
-106.40944247776196,35.72957088754647
-106.30431362224576,35.19636133923095
-106.38783986026544,35.081049761503316
-102.76704156153535,43.98318387236213
-108.49438203608383,32.77731186644404
-109.060541,40.564427
-109.226593,41.587464
-108.990119,40.606183
-111.411863,38.426814
-105.48915,33.63342
-107.89439,33.43887
-81.568272,41.221751
-109.143294,33.848321
-77.06713,39.0032
-108.569,33.3965
-78.638802,35.780102
-79.871696,36.142601
-82.262802,35.301701
-79.348999,35.054001
-79.055901,35.9132
-78.638802,35.780102
-76.6091,36.060699
-78.692802,35.794899
-78.638802,35.780102
-78.638901,35.780102
-81.701599,35.753201
-78.638802,35.780102
-78.638802,35.780102
-82.321198,35.531101
-78.587097,35.8909
-78.660004,35.847099
-77.447502,38.953499
-78.774803,35.7966
-78.638802,35.780102
-77.177498,38.934299
-79.055901,35.9132
-78.6866,35.717999
-85.816399,38.134998
-89.304497,37.331299
-79.578903,35.794701
-82.932098,35.410702
-77.097298,38.901199
-78.638802,35.780102
-80.256302,36.130402
-79.180298,35.4799
-78.3284,34.4664
-78.3284,34.4664
-76.6091,36.060699
-84.249702,37.939899
-76.614197,39.395302
-78.638802,35.780102
-83.0437,39.9974
-73.657517,40.779683
-74.96231,38.940395
-87.870519,43.068872
-106.274077,35.780948
-87.653236,41.87635
-116.99649,32.849672
-75.143547,39.845209
-87.615732,41.892346
-110.701124,32.370794
-84.192062,37.535473
-74.168549,40.737278
-123.981833,40.351597
-118.075539,39.77625
-80.20014,43.551128
-65.816699,43.660302
-120.803262,40.3665
-78.031053,38.945992
-122.983303,47.065131
-73.996965,40.659143
-82.349931,36.137649
-81.423314,46.084523
-81.673752,41.411919
-80.397236,42.582746
-108.683625,33.766517
-106.27184,35.779669
-85.365623,35.007998
-77.107117,39.107555
-110.38812,39.550612
-109.96,49.6189
-69.986845,41.603351
-71.398774,41.777095
-71.05,39.6
-71.951746,42.870639
-69.955022,44.313913
-72.875935,43.449515
-71.963934,42.879068
-71.582993,42.501049
-80.843127,35.227087
-120.985943,39.802201
-109.143294,33.848321
-77.558194,38.317015
-104.747413,38.330453
-97.703514,30.527057
-132.933333,56.75
-72.5281,41.2786
-108.7942,33.3967
-109.2,31.8833
-72.921555,41.395988
-73.267335,41.152394
-72.6822,41.2889
-106.271828,35.77968
-105.150211,39.719698
-115.44405,49.84798
-114.107,46.609
-74.846581,39.128995
-105.753105,36.516225
-111.579522,40.353375
-79.651284,43.458906
-81.797642,41.496995
-123.780867,49.482837
-94.581749,39.100865
-105.186515,40.184304
-78.065488,39.06363
-123.131529,49.298645
-78.523618,38.033279
-87.707277,43.749743
-79.083725,35.866133
-106.725556,53.274722
-77.558199,38.317018
-76.5149,37.22857
-80.911626,46.526106
-87.641356,41.883166
-122.81578,47.98112
-87.907442,41.695269
-100.765,36.813333
-100.699483,36.82645
-97.703543,30.527065
-113.332672,39.477925
-73.987979,40.741836
-76.869667,37.247333
-116.541389,32.8375
-73.969966,40.77826
-122.852172,47.646275
-116.927778,32.717778
-116.788612,33.120037
-110.137328,40.93292
-76.559311,38.464841
-92.631438,47.327993
-80.397667,42.582595
-80.413827,37.297588
-79.554785,43.20156
-87.654918,41.971004
-91.58108,43.642392
-77.334088,39.051632
-106.271761,35.779622
-79.121225,39.636284
-72.571367,44.28355
-78.403044,45.539326
-86.214447,42.912125
-79.325031,43.618069
-87.322135,41.600789
-109.96,49.6189
-109.96,49.6189
-56.37612,45.86226
-74.180162,40.743466
-79.905845,36.32097
-123.509595,48.817021
-106.425464,35.844365
-78.869755,38.435092
-117.89974,49.35464
-89.402764,43.077172
-106.274136,35.780996
-112.988895,37.198467
-83.43536456268129,44.03133905521444
-81.37700200798758,41.43836605762863
-78.69332683474155,35.79576812318729
-82.55143049713989,35.60247134069133
-90.32818413257165,46.60681675812478
-123.0856803934634,48.540810055292795
-84.85540919706264,45.06353128594725
-82.68433430125887,35.79816668344366
-85.58043470690497,46.615524380217906
-123.0856803934634,48.540810055292795
-90.32818413257165,46.60681675812478
-85.5870259358951,42.29165328426481
-85.15002142640807,46.76212444139036
-84.85540919706264,45.06353128594725
-83.72837125862905,42.28355506030309
-74.08839680098482,39.835084866380676
-83.43536456268129,44.03133905521444
-84.85540919706264,45.06353128594725
-82.69353430030466,35.577171829647824
-74.08839680098482,39.835084866380676
-82.68433430125887,35.79816668344366
-83.72617117795468,42.2707552020256
-78.63712532615347,35.81846759006491
-84.02638022909358,42.4369531901418
-83.43536456268129,44.03133905521444
-84.01257984893675,42.456252995632234
-107.60817406425647,35.23861436433384
-83.2377571463652,42.57535225444779
-83.72617117795468,42.2707552020256
-85.15002142640807,46.76212444139036
-119.04842256441559,46.57615356628606
-83.43536456268129,44.03133905521444
-78.63712532615347,35.81846759006491
-83.72617117795468,42.2707552020256
-82.68433430125887,35.79816668344366
-82.68433430125887,35.79816668344366
-90.32818413257165,46.60681675812478
-84.01257984893675,42.456252995632234
-78.63712532615347,35.81846759006491
-82.68433430125887,35.79816668344366
-82.36362523786848,35.41367593995084
-83.43536456268129,44.03133905521444
-78.63712532615347,35.81846759006491
-84.01257984893675,42.456252995632234
-78.63712532615347,35.81846759006491
-83.43536456268129,44.03133905521444
-74.08839680098482,39.835084866380676
-107.76364812362716,35.00666830149335
-83.39696327947661,43.91183999586468
-122.19489238323887,40.4179675904409
-82.68433430125887,35.79816668344366
-74.08839680098482,39.835084866380676
-83.72617117795468,42.2707552020256
-78.63712532615347,35.81846759006491
-83.2377571463652,42.57535225444779
-84.85540919706264,45.06353128594725
-107.96389778951327,34.9596843938376
-83.78007309041197,42.52935239359298
-122.44403571840007,47.252819308091134
-100.53712404462799,37.1701920270582
-84.36279594518237,46.33022621511987
-82.55143049713989,35.60247134069133
-82.68433430125887,35.79816668344366
-84.66350412158575,45.56332892358233
-83.0455512442841,42.33135495495745
-82.68433430125887,35.79816668344366
-80.50257608887419,37.40743278618687
-85.15002142640807,46.76212444139036
-117.0332551961215,45.163978897435896
-84.55539629099297,42.73244970506489
-117.19245681763495,45.00807867199339
-84.85540919706264,45.06353128594725
-107.60817406425647,35.23861436433384
-100.53712404462799,37.1701920270582
-87.64988536756076,41.84995542931781
-82.68433430125887,35.79816668344366
-83.72617117795468,42.2707552020256
-84.01257984893675,42.456252995632234
-83.72617117795468,42.2707552020256
-83.54736833094498,44.38333644573653
-82.68433430125887,35.79816668344366
-107.96389778951327,34.9596843938376
-83.83697441138789,42.25345531401182
-82.68433430125887,35.79816668344366
-84.83880859649128,45.010431596612996
-95.84525826147943,46.81710022540612
-83.2288,42.3173
-84.85540919706264,45.06353128594725
-81.69531125211824,41.499365219829464
-83.39696327947661,43.91183999586468
-82.509472,41.913804
-70.54274,41.920048
-77.394425,38.056845
-116.788612,33.120037
-85.823728,38.74795
-79.962032,43.724208
-87.790817,43.568542
-92.306607,43.743819
-120.502181,39.684511
-108.683662,33.766545
-84.952669,46.768668
-114.107,46.609
-114.107,46.609
-75.152461,39.898906
-80.34078,43.37732
-101.97278,48.72889
-88.71972,40.69819
-101.97278,48.72889
-101.97278,48.72889
-89.33875,37.30054
-122.476913,37.770592
-89.657654,39.810791
-77.591032,38.507286
-92.175959,44.117768
-114.117522,38.876203
-74.957885,38.932836
-109.96,49.6189
-114.045712,50.909158
-112.496568,33.587226
-122.395592,48.087789
-115.275,33.146112
-87.673602,41.954364
-104.6968,38.677208
-77.086708,39.001153
-122.504704,47.349481
-79.5132,43.771583
-81.427685,45.020514
-81.652369,42.512958
-93.258475,44.980013
-101.417672,54.563121
-97.718204,30.615429
-77.925048,33.962735
-73.875281,40.567179
-109.137669,33.800205
-93.124725,41.312284
-114.121683,39.01021
-79.057892,35.829267
-120.803305,40.366428
-90.007017,43.002248
-74.138968,40.58841
-79.863505,40.445121
-97.134644,49.810905
-76.62217,39.334072
-87.646754,41.89274
-87.62545,41.87698
-73.585312,40.874391
-94.017529,44.142845
-113.123941,37.672616
-81.428559,41.372177
-92.535188,47.09879
-119.388054,41.36904
-76.941794,38.913476
-81.715582,41.441195
-105.490963,36.372921
-82.51844,41.962772
-106.425616,35.844317
-106.39353,35.077693
-105.196475,39.313335
-106.271856,35.779686
-65.743572,43.457107
-81.098292,42.663029
-111.249092,38.282872
-113.968188,51.213361
-112.459702,42.860189
-76.917493,40.384933
-104.638788,38.868665
-73.975004,40.692339
-77.114667,39.108738
-77.338162,45.550516
-94.529409,36.383173
-92.032074,46.847069
-87.730812,41.93807
-77.730565,43.994981
-77.558146,38.317
-92.646469,47.138866
-112.020736,46.482812
-87.640946,41.919445
-81.586892,41.342136
-78.424017,35.770016
-87.639695,41.924411
-117.662376,49.286835
-94.748042,40.464218
-82.323855,36.315297
-93.094756,44.972487
-77.73247,43.989142
-81.572115,41.209057
-115.359102,36.439089
-114.142923,44.632503
-75.467754,38.20635
-93.521338,44.919708
-106.27171,35.779705
-76.757095,37.387315
-66.121972,43.744328
-76.602913,39.283745
-122.247131,47.965632
-87.632213,41.885304
-99.324417,50.578113
-80.39682,42.58292
-78.400062,45.541786
-112.890762,40.565737
-73.647956,40.672033
-87.635875,41.938538
-74.089226,39.854385
-80.398399,42.582838
-80.020325,44.306337
-113.387561,39.756665
-74.964963,38.932785
-106.18836716837663,36.40129153452877
-111.24599051580833,44.662026988662845
-103.3314175931164,44.05151240098336
-94.73824,43.269
-104.18079,45.65166
-84.05187141095686,35.875363704370685
-114.079,46.086
-116.2034,43.6135
-111.24599051580833,44.662026988662845
-93.88676799042679,41.983239353107614
-103.7163233622004,43.42506362217495
-93.91909,42.04043
-104.18079,45.65166
-104.18079,45.65166
-94.10232,41.0275
-106.18836716837663,36.40129153452877
-79.09511,42.84542999905932
-101.91883979334035,37.004489393243084
-116.43121,44.4713
-93.5574,41.47403
-92.456,43.05583
-93.91909,42.03797
-84.05187141095686,35.875363704370685
-112.157472,37.673572
-111.24599051580833,44.662026988662845
-92.55497,41.46275
-93.8844,42.0428
-104.18079,45.65166
-104.18079,45.65166
-104.18079,45.65166
-85.05007496191581,35.053138013630914
-114.079,46.086
-106.505,36.325
-106.18836716837663,36.40129153452877
-111.24599051580833,44.662026988662845
-103.54506623466854,44.19404817968246
-106.11636,38.44244
-104.18079,45.65166
-104.18079,45.65166
-83.181146793864,35.06698365524242
-121.556531,41.825367
-111.24599051580833,44.662026988662845
-109.2302,47.22123
-105.590556,41.311389
-103.54506623466854,44.19404817968246
-104.18079,45.65166
-106.73196526338639,37.59376506796371
-106.18836716837663,36.40129153452877
-111.24599051580833,44.662026988662845
-116.0809,45.63702
-105.22739036785312,36.540273433941614
-73.53975912362395,40.791909369781315
-92.6444,41.2964
-93.88676799042679,41.983239353107614
-106.11636,38.44244
-104.18079,45.65166
-104.18079,45.65166
-85.48422910513074,35.29464563076333
-94.831628,40.313617
-112.13205,37.704439
-106.18836716837663,36.40129153452877
-116.2034,43.6135
-109.2302,47.22123
-109.17211711246624,31.903605357716035
-93.91909,42.04043
-104.18079,45.65166
-104.09836,45.6227
-114.079,46.086
-94.081314,41.025717
-94.10232,41.0275
-94.10232,41.0275
-84.36279594518237,46.33022621511987
-98.99781288708367,48.94464134966065
-111.24599051580833,44.662026988662845
-111.24599051580833,44.662026988662845
-103.7163233622004,43.42506362217495
-104.18079,45.65166
-104.18079,45.65166
-104.18079,45.65166
-104.18079,45.65166
-94.87325,40.257406
-94.825486,40.297786
-105.7358329882384,33.39865938187308
-93.88676799042679,41.983239353107614
-103.48467448484556,44.194048500958935
-92.55497,41.46275
-104.18079,45.65166
-94.888206,40.229772
-94.197608,41.028139
-111.24599051580833,44.662026988662845
-101.90075931255332,37.00448947524245
-104.18079,45.65166
-104.18079,45.65166
-104.18079,45.65166
-104.18079,45.65166
-114.079,46.086
-114.079,46.086
-123.38757713775489,44.602006704899175
-106.72690816766871,37.59794001081337
-114.02602168228533,37.1206683865313
-94.10232,41.0275
-94.081314,41.025717
-84.36279594518237,46.33022621511987
-101.90075931255332,37.00448947524245
-109.2302,47.22123
-95.23539000659754,38.97167808341445
-92.6469,41.3092
-91.37910020343082,43.15633424787548
-104.18079,45.65166
-104.18079,45.65166
-110.80105,45.79554
-93.74555475797494,40.2438624935273
-84.05187141095686,35.875363704370685
-94.10232,41.0275
-94.10232,41.0275
-105.7358329882384,33.39865938187308
-106.18836716837663,36.40129153452877
-100.5280424628903,39.818243802044464
-109.2302,47.22123
-92.6469,41.3092
-103.1775141442064,45.40050850170653
-106.69487506229166,35.764593546487305
-104.18079,45.65166
-104.18079,45.65166
-104.09836,45.6227
-84.05187141095686,35.875363704370685
-94.829639,40.337044
-94.081314,41.025717
-106.18836716837663,36.40129153452877
-111.24599051580833,44.662026988662845
-111.24599051580833,44.662026988662845
-96.72153174775264,39.042371765617226
-104.0159971304127,43.93237768594079
-93.8844,42.0428
-123.1006547192173,47.35501254569123
-104.96595,36.44835
-106.18836716837663,36.40129153452877
-104.18079,45.65166
-104.18079,45.65166
-104.18079,45.65166
-84.05187141095686,35.875363704370685
-114.11921685359823,47.59889214809554
-106.18836716837663,36.40129153452877
-106.76768285861922,36.492476394833865
-106.18836716837663,36.40129153452877
-98.99781288708367,48.94464134966065
-111.24599051580833,44.662026988662845
-101.90075931255332,37.00448947524245
-92.55497,41.46275
-106.18836716837663,36.40129153452877
-111.24599051580833,44.662026988662845
-116.43121,44.4713
-109.2302,47.22123
-109.23754,47.16383
-94.10232,41.0275
-104.0159971304127,43.93237768594079
-93.91909,42.04043
-104.18079,45.65166
-104.18079,45.65166
-104.18079,45.65166
-112.157472,37.673572
-84.3614767650581,34.02320886468617
-107.37605,38.4594
-116.5491427257356,45.18758274323945
-109.2302,47.22123
-93.61875,41.6006
-92.55497,41.46275
-106.11636,38.44244
-103.40345561039047,43.54708419148924
-93.91909,42.03797
-104.18079,45.65166
-104.18079,45.65166
-84.05187141095686,35.875363704370685
-94.828942,40.312036
-94.826933,40.318814
-94.826933,40.318814
-98.6575,29.226111
-106.18836716837663,36.40129153452877
-103.7163233622004,43.42506362217495
-91.37910020343082,43.15633424787548
-104.18079,45.65166
-104.18079,45.65166
-104.09836,45.6227
-116.0809,45.63702
-100.87293852626054,37.96617468325451
-109.2302,47.22123
-104.18079,45.65166
-104.18079,45.65166
-104.18079,45.65166
-114.08710618070603,47.03129372748556
-94.927703,40.302747
-108.554055,39.079242
-83.888267,34.7746
-90.193505,38.627895
-74.965014,38.932818
-93.246682,44.929378
-106.271813,35.779753
-80.36846,37.294272
-84.502486,36.126368
-92.726996,47.146182
-70.652817,41.451255
-87.626022,41.895472
-87.629798,41.878114
-106.274238,35.78097
-135.3535,57.052843
-80.843127,35.227087
-66.757084,44.580911
-69.334489,44.611179
-69.986845,41.603351
-72.977756,43.61137
-68.678871,44.752873
-71.791707,41.342253
-71.963934,42.879068
-71.435205,41.731646
-71.963934,42.879068
-80.843127,35.227087
-71.309058,41.729957
-69.986845,41.603351
-92.9044,41.31692
-93.995,42.38883
-93.989675,40.845968
-96.6669,40.8
-76.49694,42.44056
-84.13972,30.72694
-76.49694,42.44056
-109.175,31.88472
-109.14083,31.87007
-111.716667,35.0625
-109.175,31.88472
-74.080638,44.92692
-118.074628,43.175933
-71.354229,41.604417
-72.875935,43.449515
-71.963934,42.879068
-69.955022,44.313913
-107.7333,49.2333
-104.6067,50.4547
-104.6067,50.4547
-104.6067,50.4547
-104.6067,50.4547
-104.6067,50.4547
-104.7166,50.6
-107.7303,49.2418
-105.0,50.417
-104.6189,50.4452
-101.667,52.517
-103.85,49.667
-104.25,50.633
-105.133333,49.4
-109.4,50.85
-102.466667,51.75
-105.133333,49.4
-103.083,50.883
-104.217,50.95
-104.617,50.45
-105.583,50.567
-105.0,50.783
-104.717,50.933
-104.617,50.45
-104.617,50.45
-104.0,50.167
-104.45,50.383
-104.617,50.45
-104.617,50.45
-104.617,50.45
-108.283333,52.783333
-108.316667,52.733333
-108.316667,52.733333
-104.8,50.7
-106.067,50.45
-104.733,50.1
-103.133,50.2
-104.617,50.45
-107.05,51.5
-104.717,50.6
-104.617,50.45
-102.933,50.967
-101.9,51.567
-104.617,50.45
-104.8,50.7
-104.617,50.45
-104.217,50.95
-104.617,50.45
-106.53661,52.369123
-71.504303,41.426357
-71.963934,42.879068
-71.790247,41.342124
-71.446587,41.493326
-71.790247,41.342124
-71.963934,42.879068
-71.826125,41.342124
-122.33177026309492,47.60610928506001
-122.4439957165344,47.25277930861899
-116.94551591228429,48.63366756476656
-120.21727540349671,47.64001930142087
-72.15553,21.78333
-117.16078548244566,46.71393948039863
-123.45916393480589,42.02225559714753
-122.6759069577248,45.52332614050349
-122.48315574341684,47.20582909608935
-122.21247153998817,44.22864110363666
-117.44177562087619,45.72867186843631
-117.44177562087619,45.72867186843631
-118.51359515080796,45.22396593048702
-118.51359515080796,45.22396593048702
-118.08655240273042,43.287486679540585
-117.44177562087619,45.72867186843631
-117.44177562087619,45.72867186843631
-117.44177562087619,45.72867186843631
-122.7556,47.2092
-122.20398631859292,47.097782190442615
-121.17837053921133,45.59443964999584
-117.53375918449142,46.47143728528729
-117.41047504171554,45.74337204819678
-117.41047504171554,45.74337204819678
-117.41047504171554,45.74337204819678
-117.41047504171554,45.74337204819678
-117.41047504171554,45.74337204819678
-117.41047504171554,45.74337204819678
-117.41047504171554,45.74337204819678
-119.13490004783026,44.57036556198032
-119.13490004783026,44.57036556198032
-119.20100168325112,44.566765018865695
-119.20100168325112,44.566765018865695
-119.13490004783026,44.57036556198032
-118.78889615092427,44.86556618524732
-121.06744823634013,44.520148891339495
-121.06744823634013,44.520148891339495
-121.06744823634013,44.520148891339495
-121.06744823634013,44.520148891339495
-121.06744823634013,44.520148891339495
-121.06744823634013,44.520148891339495
-121.06744823634013,44.520148891339495
-117.44177562087619,45.72867186843631
-121.06744823634013,44.520148891339495
-121.06744823634013,44.520148891339495
-118.78889615092427,44.86556618524732
-121.06744823634013,44.520148891339495
-121.06744823634013,44.520148891339495
-118.78889615092427,44.86556618524732
-121.06744823634013,44.520148891339495
-121.06744823634013,44.520148891339495
-121.06744823634013,44.520148891339495
-121.06744823634013,44.520148891339495
-121.06744823634013,44.520148891339495
-117.44177562087619,45.72867186843631
-117.44177562087619,45.72867186843631
-117.44177562087619,45.72867186843631
-117.44177562087619,45.72867186843631
-117.44177562087619,45.72867186843631
-117.44177562087619,45.72867186843631
-117.44177562087619,45.72867186843631
-117.41047504171554,45.74337204819678
-117.44177562087619,45.72867186843631
-117.41047504171554,45.74337204819678
-101.51395493101968,48.763675009680114
-117.0332551961215,45.163978897435896
-117.0332551961215,45.163978897435896
-118.19251709424229,48.45697658124118
-123.3173060570818,44.63622706704188
-117.11933022461865,43.458392824333345
-121.33257636150144,45.6955375682196
-121.60425874628028,44.356045487035196
-122.57044308757503,42.033163444002106
-123.34877042397117,42.57254919859281
-123.34877042397117,42.57254919859281
-123.34877042397117,42.57254919859281
-117.09033123879492,43.57329189430872
-117.44177562087619,45.72867186843631
-117.44177562087619,45.72867186843631
-117.40267429686098,45.7122722957848
-117.40267429686098,45.7122722957848
-116.49902048412221,43.87339377024108
-117.44177562087619,45.72867186843631
-118.76006083202178,42.72958739298758
-118.52479739340431,45.3364650618095
-118.52479739340431,45.3364650618095
-122.87525343973812,42.225058086588625
-122.87525343973812,42.225058086588625
-122.87525343973812,42.225058086588625
-122.87525343973812,42.225058086588625
-122.87525343973812,42.225058086588625
-123.92303432987472,45.03309791757313
-123.92303432987472,45.03309791757313
-122.1725705567862,44.2286414705596
-122.21247153998817,44.22864110363666
-122.20247129361765,44.22864119562492
-124.1096793944746,42.035849465307464
-87.930814,43.036756
-123.114264,49.342753
-105.428886,39.354069
-108.637192,33.396572
-107.448608,33.711941
-105.428886,39.354069
-101.853401,37.008053
-108.619812,33.396549
-105.814629,38.168839
-108.637192,33.396572
-106.54866,35.768524
-105.428886,39.354069
-108.8825,33.31667
-103.678558,43.766644
-101.962357,37.008038
-106.05938,38.248558
-108.637192,33.396572
-101.853401,37.008053
-108.619812,33.396549
-101.962357,37.008038
-103.678558,43.766644
-106.54866,35.768524
-108.619812,33.396549
-99.668884,39.892216
-101.051941,39.395828
-105.428886,39.354069
-108.637192,33.396572
-105.428886,39.354069
-108.619812,33.396549
-101.962357,37.008038
-106.54866,35.768524
-105.428886,39.354069
-105.428886,39.354069
-105.428886,39.354069
-104.966705,38.424988
-108.619812,33.396549
-105.428886,39.354069
-107.448608,33.711941
-108.637192,33.396572
-99.510597,39.401646
-101.853401,37.008053
-102.019745,38.866657
-105.428886,39.354069
-105.428886,39.354069
-108.637192,33.396572
-107.448608,33.711941
-105.428886,39.354069
-101.853401,37.008053
-105.428886,39.354069
-105.428886,39.354069
-105.428886,39.354069
-99.330185,38.864487
-101.853401,37.008053
-101.853401,37.008053
-106.074722,38.842209
-105.428886,39.354069
-100.980667,39.278328
-100.281883,39.836903
-105.428886,39.354069
-99.326393,38.87917
-105.428886,39.354069
-100.743057,39.50066
-105.428886,39.354069
-101.962357,37.008038
-106.54866,35.768524
-105.428886,39.354069
-108.619812,33.396549
-108.637192,33.396572
-108.619812,33.396549
-107.642502,35.33139
-99.339798,39.438038
-107.448608,33.711941
-105.428886,39.354069
-106.54866,35.768524
-106.133224,38.248467
-99.3145,38.8853
-108.637192,33.396572
-101.354721,37.58139
-109.119543,39.469383
-111.694648,40.296898
-109.119543,39.469383
-113.641638,38.339405
-109.129166,39.626389
-109.129166,39.626389
-113.476343,37.378591
-110.639163,40.164345
-109.129166,39.626389
-111.650491,40.251036
-110.639163,40.164345
-109.129166,39.626389
-109.129166,39.626389
-109.129166,39.626389
-109.19166,39.62639
-111.658534,40.233844
-111.099653,39.391889
-110.865696,37.016386
-109.119543,39.469383
-113.7598,39.3919
-112.954784,43.632146
-114.019607,37.149422
-109.129166,39.626389
-109.19166,39.62639
-109.129166,39.626389
-110.639163,40.164345
-110.602595,39.644962
-119.940732,39.229578
-113.7598,39.3919
-113.416667,37.0
-109.129166,39.626389
-111.658534,40.233844
-110.639163,40.164345
-109.129166,39.626389
-110.602595,39.644962
-110.639163,40.164345
-114.029159,37.436021
-109.119543,39.469383
-109.129166,39.626389
-111.834389,41.735493
-111.658535,40.233843
-111.147114,39.463574
-109.119543,39.469383
-111.099653,39.391889
-109.129166,39.626389
-110.602595,39.644962
-109.129166,39.626389
-109.129166,39.626389
-111.147114,39.463574
-114.029159,37.436021
-110.639163,40.164345
-109.129166,39.626389
-111.650491,40.251036
-109.129166,39.626389
-109.19166,39.62639
-110.602595,39.644962
-109.119543,39.469383
-113.7598,39.3919
-112.595951,40.779935
-113.7598,39.3919
-114.019607,37.149422
-109.19166,39.62639
-109.129166,39.626389
-111.891047,40.760779
-110.639163,40.164345
-109.129166,39.626389
-110.602595,39.644962
-109.129166,39.626389
-111.694648,40.296898
-109.119543,39.469383
-111.245687,38.287821
-111.650491,40.251036
-111.602119,37.770266
-113.7598,39.3919
-109.119543,39.469383
-109.129166,39.626389
-111.099653,39.391889
-109.119543,39.469383
-111.650491,40.251036
-109.129166,39.626389
-110.602595,39.644962
-109.129166,39.626389
-110.639163,40.164345
-110.639163,40.164345
-110.602595,39.644962
-109.119543,39.469383
-114.029159,37.436021
-110.639163,40.164345
-113.866486,39.779556
-109.129166,39.626389
-113.7598,39.3919
-109.129166,39.626389
-111.606303,40.446627
-111.658534,40.233844
-113.416667,37.0
-109.129166,39.626389
-113.7598,39.3919
-71.963934,42.879068
-70.661989,42.514517
-74.080638,44.92692
-72.884292,40.782126
-69.548014,45.920908
-84.2469884492257,43.61554183225576
-84.55539629099297,42.73244970506489
-84.7673040255349,43.597741550305926
-84.48369417547782,42.73684972256555
-84.06958407786524,44.312836605749666
-84.98476881757301,42.62884035998673
-85.01012954893812,42.618600440086695
-84.98476881757301,42.62884035998673
-84.98476881757301,42.62884035998673
-106.37378902366954,35.78753670339976
-82.73844268054533,42.896849255959495
-88.56232872963258,46.643520182897014
-86.24814759452893,43.2341431224092
-119.06072167676341,39.45983435925739
-118.77710522579122,39.487946087436725
-119.06072167676341,39.45983435925739
-118.77710522579122,39.487946087436725
-94.10016897545347,41.02735047117415
-84.39719527459191,45.15553115491571
-93.24406571686117,44.96901584548151
-96.47767835304728,46.8658977952665
-89.70837087540107,48.01021655224781
-95.22294157140286,47.18740178380682
-93.56697755834146,45.3038131093729
-93.18206392167045,44.98501593703774
-95.13893897334448,47.193202065442826
-95.26884353444454,47.25700153477985
-93.25066756565296,45.25051431884806
-94.80702428257234,46.59660433673218
-92.78,45.8
-92.78,45.8
-95.68096921468873,48.84850056232624
-84.3614767650581,34.02320886468617
-95.81227345503004,48.84790008518707
-92.1817297640795,44.286523108447184
-92.91675611210462,45.03321643511991
-93.45007226957372,45.016614970523214
-94.03489194285501,45.31641160926639
-93.45007226957372,45.016614970523214
-99.96249999999999,51.8666699990841
-76.615045,39.290088
-92.646464,47.13888
-80.760942,42.636892
-76.560176,38.464518
-116.096977,43.542122
-76.700528,37.317733
-74.172912,40.740295
-79.777222,43.269306
-87.68995,41.908112
-75.549261,39.736439
-105.08468,40.562834
-107.514,33.883
-106.395,31.791
-107.514,33.883
-107.514,33.883
-107.514,33.883
-106.544346,31.829665
-106.395,31.791
-107.34,37.22
-107.34,37.22
-105.8065,32.6968
-107.514,33.883
-107.34,37.22
-107.514,33.883
-107.331984,37.200791
-107.514,33.883
-107.514,33.883
-107.514,33.883
-107.514,33.883
-106.395,31.791
-106.50827,31.794779
-107.514,33.883
-107.514,33.883
-106.441183,31.790825
-107.34,37.22
-107.514,33.883
-107.34,37.22
-107.514,33.883
-106.395,31.791
-106.395,31.791
-108.238742,33.226831
-106.601161,31.859422
-107.514,33.883
-116.303915,32.949457
-111.229,34.5987
-118.7639,43.3371
-121.549,44.291
-123.9041,43.0143
-124.076,44.0506
-121.8418,43.6195
-118.7639,43.3371
-117.0342,45.1577
-117.2332,45.1123
-118.42135,45.50652
-118.42135,45.50652
-120.62251234361658,38.75036040314675
-121.59692316062129,40.33756206417999
-92.1066409424314,46.78321201936861
-120.50005280243056,39.668130964900925
-122.69292306954809,41.34240939079674
-123.3156918599384,40.24526182865993
-78.6417,35.8207
-117.36766558084784,45.25557547448023
-123.69284835941419,41.58678177281447
-122.3740904912105,40.61437275287016
-124.06169086606823,40.76103244316526
-119.30916968796352,41.26899537752043
-122.37976069605985,41.40788816066596
-76.4769391442248,42.440512138098676
-122.32934194887696,41.307348124292
-118.45733289717622,34.0429901536585
-118.10376799348717,33.86116676846104
-120.2772657363579,41.43594585042651
-119.977385,38.928895
-121.3524,40.4027
-112.44529896501527,42.87123466539257
-117.82829164398531,46.055866754629704
-115.733,48.8933
-118.2151200598191,34.21137712763595
-121.55711452042036,39.51348005321945
-120.798546,38.729625
-117.84908819801068,46.055866575732495
-121.20408321311353,38.6984227183779
-121.94924484836878,39.59850118832761
-73.53975912362395,40.791909369781315
-122.94541734663879,45.71272228696937
-124.02139,41.36444
-121.5216759713324,45.418637679278866
-118.8519168367657,39.473445761683706
-115.16421152697993,37.30690651117214
-114.147408,46.19972
-121.83812409211674,39.7283067448088
-120.62251234361658,38.75036040314675
-116.87818555691643,36.46296059906185
-122.95101450060474,50.1330122474009
-111.10657939067913,44.12943209097592
-118.2004575272777,33.79313204047354
-121.020291,39.111757
-121.888,40.492
-120.1882271890088,44.58515620206256
-120.62251234361658,38.75036040314675
-122.94541734663879,45.71272228696937
-82.62353189730703,35.11818286543275
-106.62864653042405,36.1570597450265
-119.64435909833945,40.44398254939212
-117.36766558084784,45.25557547448023
-121.86678994190825,40.84128643313243
-122.84493241752175,39.72730919024618
-122.04933036818015,40.78226181061309
-110.80764579621118,31.80177956702987
-80.398902,42.582587
-87.469341,41.732982
-77.558435,38.317247
-114.360529,49.383144
-64.869169,32.304824
-116.99649,32.849672
-123.491003,47.609114
-120.35968766789836,39.75504854931363
-122.78691374799897,38.04042238711282
-123.84430255834292,41.875013181583626
-123.84430255834292,41.875013181583626
-123.84430255834292,41.875013181583626
-123.84430255834292,41.875013181583626
-120.80653335886339,38.728744344945255
-116.8280056114911,48.27696873423518
-116.8280056114911,48.27696873423518
-120.5830273215858,39.56279220354618
-123.37596426485571,41.793194607971294
-123.4572658087305,42.139453986562316
-123.62873365297752,40.93942839850962
-121.50796647257171,39.87702284161955
-121.48787974590924,39.85896333322606
-121.50796647257171,39.87702284161955
-121.50796647257171,39.87702284161955
-123.62873365297752,40.93942839850962
-122.22823321955318,37.822375733513745
-112.12911604168056,36.23825079148496
-84.3614767650581,34.02320886468617
-84.3614767650581,34.02320886468617
-117.09444118368336,38.42142933201735
-118.4,37.36
-97.41052097522383,48.412093336240595
-117.11399184203641,38.43680887945477
-97.41052097522383,48.412093336240595
-80.679169,37.334721
-94.633331,35.816666
-120.294162,39.410185
-122.188562,47.444017
-74.682945,45.283237
-73.80486,40.936871
-77.558189,38.316993
-106.271841,35.779729
-83.67675,37.7659
-123.322346,48.406054
-103.654304,41.881659
-113.903754,51.652364
-97.703542,30.527056
-96.796211,32.787459
-132.087597,53.255818
-132.087597,53.255818
-122.264439,49.006408
-124.266279,48.873687
-119.336111,49.038611
-120.786304,50.111415
-119.336111,49.038611
-124.045,52.338611
-124.045,52.338611
-124.045,52.338611
-124.045,52.338611
-124.045,52.338611
-124.045,52.338611
-124.045,52.338611
-123.003373,50.092049
-123.199824,49.264199
-123.199824,49.264199
-123.147262,49.290605
-122.264439,49.006408
-123.250567,49.263456
-121.976165,49.067427
-122.264439,49.006408
-118.079251,52.879271
-119.35,50.233333
-119.35,50.233333
-119.35,50.233333
-109.96,49.6189
-71.963934,42.879068
-71.963934,42.879068
-71.464477,41.551859
-69.955022,44.313913
-113.987301,50.873111
-81.273021,41.640329
-112.691908,33.932018
-124.074043,40.886975
-70.543492,41.92
-87.633161,41.963165
-106.571945,35.097507
-106.271868,35.779712
-71.791707,41.342253
-106.804764,46.287493
-88.643714,42.63307
-69.976995,44.305069
-71.951746,42.870639
-69.986845,41.603351
-71.439271,42.662621
-68.253627,44.529244
-69.986845,41.603351
-87.576042,41.783634
-87.616852,41.866036
-87.614952,41.853035
-87.616852,41.866036
-88.019722,44.519167
-87.614952,41.853035
-87.821111,42.584722
-87.614952,41.853035
-88.066971,41.877529
-88.039166,44.631944
-69.993743,41.559299
-109.366456,45.303942
-76.683671,37.276872
-87.538127,41.749754
-106.425376,35.844411
-83.3672,40.2364
-83.3671,40.2365
-83.3716,40.2994
-83.3716,40.2994
-83.01,39.97
-83.3716,40.2994
-83.1778,38.7031
-83.77,40.14
-83.06,41.59
-94.0,38.0
-83.01,39.97
-83.06,41.59
-83.01,39.97
-82.02,39.08
-94.0,38.0
-83.3716,40.2994
-83.3716,40.2994
-83.3716,40.2994
-83.3716,40.2994
-109.36611155081522,31.867485427391685
-117.34425035751998,34.74281667326053
-84.3614767650581,34.02320886468617
-123.94502238452787,41.22093308275551
-84.3614767650581,34.02320886468617
-84.3614767650581,34.02320886468617
-119.77153658345422,34.03237612712528
-87.8137793019755,41.8977326065752
-84.3614767650581,34.02320886468617
-125.083,50.35
-118.05,52.8833
-124.283,49.9
-121.75,49.0833
-113.767,52.3667
-101.333,53.9167
-108.533,54.6167
-117.667,49.3167
-127.267,51.7
-66.65,45.8667
-75.7167,45.4333
-84.6833,46.95
-109.817,49.2333
-127.817,52.1167
-119.933,49.2167
-97.15,49.8833
-118.05,52.8833
-125.533,50.6667
-73.2,45.5667
-84.6833,46.95
-75.85,45.4
-95.5333,49.9833
-124.417,49.6667
-75.7,45.4167
-125.9,50.3667
-116.333,49.15
-75.7,45.4167
-122.15,52.1333
-75.7,45.4167
-124.283,49.9
-127.817,52.1167
-75.7,45.4167
-114.3,53.9333
-115.567,51.15
-77.0333,47.2833
-124.283,49.9
-79.5833,43.55
-124.283,49.9
-122.267,49.0
-119.45,49.0
-122.267,49.0
-125.533,50.6667
-123.15,49.7667
-127.817,52.1167
-75.6667,45.3667
-99.3667,49.8667
-123.167,49.25
-80.4667,42.6167
-127.817,52.1167
-127.817,52.1167
-82.5333,41.95
-124.283,49.9
-75.7,45.4167
-95.326656,49.682775
-124.074043,40.886975
-71.009679,42.390814
-87.629105,41.878461
-116.99649,32.849672
-78.715294,42.884658
-77.558225,38.316963
-113.487155,39.42413
-73.696817,40.822628
-107.72909,49.24662
-107.02036860839391,33.86604004280553
-107.02036860839391,33.86604004280553
-107.02036860839391,33.86604004280553
-107.02036860839391,33.86604004280553
-107.02036860839391,33.86604004280553
-107.02036860839391,33.86604004280553
-107.02036860839391,33.86604004280553
-105.73236317985747,37.361963206556055
-86.78384618901288,36.16605363222675
-93.32499833695621,29.6672206463441
-117.40231,48.62676
-94.02703502662496,34.36208030959654
-92.38098183045702,31.819155251645793
-108.16039085126395,33.05005677269419
-131.64559,55.341852
-130.64479,55.09352
-108.463333,32.574722
-132.366667,56.366667
-130.70749,55.09777
-107.993056,33.051111
-87.25565,41.75905
-84.109055,46.380099
-108.63321,45.726261
-114.445383,49.615116
-80.40802,42.582628
-121.026793,39.264015
-109.96,49.6189
-107.3838,33.56139
-107.3838,33.56139
-108.954561,33.54875
-108.954561,33.54875
-108.954561,33.54875
-108.954561,33.54875
-108.954561,33.54875
-108.954561,33.54875
-100.699483,36.82645
-100.765,36.813333
-92.208417,35.967643
-107.3838,33.56139
-92.213266,35.994901
-88.348461,35.1602
-108.954561,33.54875
-108.954561,33.54875
-108.954561,33.54875
-108.954561,33.54875
-108.954561,33.54875
-108.954561,33.54875
-97.390711,35.412149
-98.60795,34.862706
-98.613267,34.872122
-97.193864,35.288662
-86.181322,39.627388
-87.633137,41.9632
-76.60595,39.286955
-87.886097,43.342363
-107.89439,33.43887
-107.909692,32.995614
-107.912281,34.730565
-108.87860769661692,33.33114492649222
-106.4914613784714,35.065810600681885
-108.87860769661692,33.33114492649222
-107.53607956818064,33.87423711580373
-105.41792346703437,35.658791700009715
-106.59216987803167,35.8200907808957
-106.30431362224576,35.19636133923095
-106.59216987803167,35.8200907808957
-107.60767504678562,35.23801338189619
-106.29505,34.59495
-107.89635,33.43875
-105.36624593974598,36.6615780458793
-105.41792346703437,35.658791700009715
-105.48915,33.63342
-105.48915,33.63342
-106.40944247776196,35.72957088754647
-106.59216987803167,35.8200907808957
-106.64229423165908,35.828854308097505
-106.54037219058108,35.89999117810097
-106.38783986026544,35.081049761503316
-106.317307,42.858114
-108.89344,40.752444
-110.977655,37.808045
-108.025893,33.184063
-108.43563,34.03371999912449
-106.83948437070521,35.963989086213466
-106.37485716499823,35.03361401132438
-106.59216987803167,35.8200907808957
-106.38783986026544,35.081049761503316
-106.62292781243285,35.07773661544435
-108.59760261106396,33.44054238075913
-106.41556231939133,35.17860819791418
-108.89344,40.752444
-110.014129,37.582337
-108.00812,36.08613
-108.59760261106396,33.44054238075913
-106.30431362224576,35.19636133923095
-106.38783986026544,35.081049761503316
-108.14096022493545,34.833786618191226
-107.928533,34.674953
-107.928533,34.674953
-106.31357086855601,35.1977032579698
-120.58335690033272,38.63400804479244
-108.63879629465607,33.39725837026502
-106.37485716499823,35.03361401132438
-108.99614791998506,33.11496742304939
-109.21220763877353,31.84278701115857
-109.87540547130536,37.9105284554107
-106.83948437070521,35.963989086213466
-108.54427652786485,32.81287256604446
-108.59760261106396,33.44054238075913
-108.745984,40.454647
-108.533128,37.20601
-106.37485716499823,35.03361401132438
-108.419401,37.258811
-106.3072,35.208299999110835
-106.31105279695629,35.19674229477607
-105.55174075582553,36.15498944284138
-108.212043,43.645943
-104.037067,41.98665
-108.5794,33.402083
-107.912281,34.730565
-107.928533,34.674953
-107.928533,34.674953
-107.928533,34.674953
-107.738592,33.199424
-108.09794010034229,34.82826999448784
-106.6509265760195,35.084456301136484
-108.06018981090097,33.37404812917497
-106.1736518571295,34.34432767154514
-105.09367678403721,36.65440660211179
-109.21220763877353,31.84278701115857
-105.21471711774204,35.64358209102139
-106.31105279695629,35.19674229477607
-106.31357086855601,35.1977032579698
-106.30431362224576,35.19636133923095
-106.38783986026544,35.081049761503316
-107.55782,35.2258
-108.59760261106396,33.44054238075913
-108.63879629465607,33.39725837026502
-106.37485716499823,35.03361401132438
-104.820244,41.13998
-109.17610706454744,31.883885941241857
-108.97205673203423,31.555652184066755
-104.820244,41.13998
-104.052817,41.98935
-109.351467,33.598665
-105.37053,32.83871
-106.670859,35.095046
-107.89439,33.43887
-108.66490999999999,33.93845999912567
-108.63879629465607,33.39725837026502
-106.4914613784714,35.065810600681885
-106.83948437070521,35.963989086213466
-108.59760261106396,33.44054238075913
-107.5706791029288,33.8309361087525
-104.820244,41.13998
-108.59760261106396,33.44054238075913
-106.31357086855601,35.1977032579698
-106.30431362224576,35.19636133923095
-107.93335544653702,33.47718992175455
-108.87860769661692,33.33114492649222
-108.63879629465607,33.39725837026502
-106.37485716499823,35.03361401132438
-105.48915,33.63342
-106.30431362224576,35.19636133923095
-106.30431362224576,35.19636133923095
-106.64229423165908,35.828854308097505
-110.977655,37.808045
-104.047567,41.988717
-105.48915,33.63342
-107.53924,33.17717
-107.89439,33.43887
-107.89439,33.43887
-107.910733,32.995491
-107.912281,34.730565
-106.4914613784714,35.065810600681885
-105.21471711774204,35.64358209102139
-108.673329,40.4571
-108.59760261106396,33.44054238075913
-106.31105279695629,35.19674229477607
-105.21471711774204,35.64358209102139
-106.30431362224576,35.19636133923095
-116.47092973840986,38.7315378582778
-108.07867708497689,33.34973971283548
-108.87860769661692,33.33114492649222
-108.990119,40.606183
-108.502569,38.763038
-108.06018981090097,33.37404812917497
-106.83948437070521,35.963989086213466
-106.59216987803167,35.8200907808957
-109.21220763877353,31.84278701115857
-106.41556712429423,35.791295394503685
-107.89439,33.43887
-107.909692,32.995614
-107.912281,34.730565
-107.928533,34.674953
-108.06018981090097,33.37404812917497
-106.80648679286469,35.996931495437956
-106.59216987803167,35.8200907808957
-106.38783986026544,35.081049761503316
-106.30431362224576,35.19636133923095
-106.59216987803167,35.8200907808957
-116.47092973840986,38.7315378582778
-108.63879629465607,33.39725837026502
-106.956179,44.797194
-108.673329,40.4571
-108.745984,40.454647
-106.37485716499823,35.03361401132438
-106.83888205117256,36.04958509859755
-106.59216987803167,35.8200907808957
-106.30431362224576,35.19636133923095
-106.41556712429423,35.791295394503685
-106.426532,35.846999
-108.025893,33.184063
-107.929497,34.763524
-108.908371,33.755327
-105.5641473239041,36.313687770797024
-108.14096022493545,34.833786618191226
-100.388583,41.852401
-108.59760261106396,33.44054238075913
-106.83948437070521,35.963989086213466
-106.30431362224576,35.19636133923095
-116.47092973840986,38.7315378582778
-108.59760261106396,33.44054238075913
-105.098947,39.106804
-106.37485716499823,35.03361401132438
-106.37485716499823,35.03361401132438
-108.59760261106396,33.44054238075913
-109.351467,33.598665
-111.836784,34.498354
-105.56405248466551,36.83587522271917
-106.31105279695629,35.19674229477607
-105.21471711774204,35.64358209102139
-105.48915,33.63342
-107.404481,33.575344
-107.912281,34.730565
-106.37485716499823,35.03361401132438
-108.91300965523472,33.345546332963984
-106.56675381043424,35.13260254616973
-106.38783986026544,35.081049761503316
-106.41556643920887,35.70489544118485
-108.87860769661692,33.33114492649222
-107.156583,33.906277
-107.57067943205416,33.87423593278111
-106.40944247776196,35.72957088754647
-105.21471711774204,35.64358209102139
-106.31357086855601,35.1977032579698
-106.59216987803167,35.8200907808957
-106.30431362224576,35.19636133923095
-104.820244,41.13998
-109.17562,31.88481
-106.306972,35.88808
-108.59760261106396,33.44054238075913
-106.83948437070521,35.963989086213466
-108.06018981090097,33.37404812917497
-108.70680457416591,33.34554645489796
-106.30431362224576,35.19636133923095
-108.59760261106396,33.44054238075913
-116.845877,32.763362
-76.821257,39.269209
-113.265745,32.849137
-75.106801,39.817038
-84.721241,45.570373
-123.430024,48.519627
-117.653972,40.920618
-94.085278,44.159491
-89.274301,40.711741
-122.477226,37.77063
-112.788211,49.68074
-116.450556,32.768611
-117.445113,47.659081
-113.951009,39.108035
-79.39647565068265,38.77465676788524
-118.45733289717622,34.0429901536585
-121.83812409211674,39.7283067448088
-121.69878271569341,39.36181471069783
-120.62251234361658,38.75036040314675
-119.30916968796352,41.26899537752043
-119.34338844988203,38.376904083411425
-118.45733289717622,34.0429901536585
-121.917885,37.650547
-123.3156918599384,40.24526182865993
-115.37670708800471,36.411865311284735
-123.3156918599384,40.24526182865993
-123.02268520466538,40.25258826088701
-121.16609504644465,38.67701245845002
-122.84493241752175,39.72730919024618
-120.96978,39.172185
-120.62251234361658,38.75036040314675
-120.62251234361658,38.75036040314675
-118.07873766380713,37.824274280003245
-123.3156918599384,40.24526182865993
-124.02139,41.36444
-122.85670093813012,38.08644781521776
-116.86759874454239,33.04200497300229
-121.55711452042036,39.51348005321945
-122.0097064439773,40.78291814204777
-122.19455432555586,41.40890977072861
-122.16777032970597,53.0497348339444
-123.6263294211643,41.99530245648649
-120.58761695509291,38.400075764042995
-119.34338844988203,38.376904083411425
-123.02268520466538,40.25258826088701
-123.3156918599384,40.24526182865993
-122.70342842437191,39.18259868419831
-121.55711452042036,39.51348005321945
-121.57949216131004,39.80714849410095
-121.55711452042036,39.51348005321945
-120.80653335886339,38.728744344945255
-122.2964092152228,40.784474635717544
-119.34338844988203,38.376904083411425
-122.2686333077743,37.91214344383959
-121.55711452042036,39.51348005321945
-119.30916968796352,41.26899537752043
-116.87818555691643,36.46296059906185
-119.34338844988203,38.376904083411425
-123.69284835941419,41.58678177281447
-121.77329508586966,38.67594149947586
-121.63392511314494,42.31276797255427
-82.62353189730703,35.11818286543275
-118.89887065908277,38.3561899596927
-120.96018052404047,40.01550997486925
-123.3156918599384,40.24526182865993
-120.62251234361658,38.75036040314675
-93.56697755834146,45.3038131093729
-119.99078022990594,41.999786328880724
-121.58891558748535,39.821689153209604
-115.733,48.8933
-121.83812409211674,39.7283067448088
-121.74558974603625,38.54881631180235
-120.62251234361658,38.75036040314675
-116.87818555691643,36.46296059906185
-122.77125875212606,39.37939432670975
-122.84493241752175,39.72730919024618
-79.39647565068265,38.77465676788524
-121.57949216131004,39.80714849410095
-120.58761695509291,38.400075764042995
-120.58761695509291,38.400075764042995
-118.45733289717622,34.0429901536585
-121.83812409211674,39.7283067448088
-121.25493648215162,41.04736942403002
-121.83812409211674,39.7283067448088
-120.798546,38.729625
-120.96978,39.172185
-120.62251234361658,38.75036040314675
-122.16777032970597,53.0497348339444
-116.87818555691643,36.46296059906185
-118.81098851938953,38.90718671204472
-123.06598046020795,48.566410226038606
-117.36766558084784,45.25557547448023
-118.4093760124208,44.24807455696938
-121.22916852741898,40.20178949135821
-121.917885,37.650547
-121.83626964718037,40.73561740293035
-82.62353189730703,35.11818286543275
-122.77125875212606,39.37939432670975
-88.94381640637961,42.775503191436734
-121.83812409211674,39.7283067448088
-120.58761695509291,38.400075764042995
-120.58761695509291,38.400075764042995
-106.69639897128958,34.98662750698236
-119.34338844988203,38.376904083411425
-118.44624506953764,34.18362628226378
-120.62251234361658,38.75036040314675
-122.84436381886158,39.12309264574719
-120.58761695509291,38.400075764042995
-121.83812409211674,39.7283067448088
-117.25479483342009,32.74272138592671
-121.55711452042036,39.51348005321945
-116.96437450899317,34.44384437369785
-121.83812409211674,39.7283067448088
-121.55613228668527,39.570102012925936
-122.19455432555586,41.40890977072861
-117.11217947703511,32.73238464316726
-121.57949216131004,39.80714849410095
-121.5216759713324,45.418637679278866
-72.86835885773198,41.276061458530236
-119.977385,38.928895
-120.80578,38.72891
-121.5216759713324,45.418637679278866
-124.02139,41.36444
-120.62251234361658,38.75036040314675
-119.30916968796352,41.26899537752043
-117.36766558084784,45.25557547448023
-121.83812409211674,39.7283067448088
-121.83812409211674,39.7283067448088
-121.020291,39.111757
-121.72169763455862,40.23654973172211
-122.16777032970597,53.0497348339444
-118.05428605260553,37.737936304765995
-120.49997395314391,39.67924276444406
-121.83812409211674,39.7283067448088
-120.80653335886339,38.728744344945255
-120.63335993661717,38.77609480444806
-120.2406664417267,39.43179440997693
-122.84493241752175,39.72730919024618
-117.95539466092781,36.07055529626448
-118.4093760124208,44.24807455696938
-123.26013399159461,46.1569164979367
-119.78126786018369,38.695734221287324
-122.69292306954809,41.34240939079674
-115.216667,36.65
-93.583333,45.3
-93.583333,45.3
-93.583333,45.3
-119.983333,38.75
-119.983333,38.75
-119.983333,38.75
-93.583333,45.3
-93.583333,45.3
-93.583333,45.3
-122.333333,47.6
-122.433333,47.233333
-93.583333,45.3
-93.583333,45.3
-123.85,45.45
-123.85,45.45
-87.611718,41.852811
-87.848661,41.495866
-86.556966,41.943099
-87.60889,41.891714
-87.611718,41.852811
-87.085867,41.649482
-83.382936,35.707039
-87.621429,41.34059
-88.067012,41.877529
-87.650052,41.850033
-87.611718,41.852811
-87.60675,41.866321
-87.656869,41.910847
-83.798584,35.60179
-87.647832,41.921699
-87.611718,41.852811
-87.690059,42.041141
-87.650052,41.850033
-87.650052,41.850033
-87.688504,41.852079
-87.690059,42.041141
-83.508219,35.583427
-71.963934,42.879068
-71.422318,41.522165
-69.976995,44.305069
-68.253627,44.529244
-69.955022,44.313913
-74.083736,40.613038
-83.718217,34.699539
-78.68721,35.763178
-87.882317,43.174603
-77.041817,38.890195
-110.71111,32.3875
-110.71111,32.3875
-110.71111,32.3875
-112.00167,36.25694
-112.00167,36.25694
-112.00167,36.25694
-106.90694,33.805
-110.95194,32.23111
-109.20333,31.8825
-109.20333,31.8825
-109.20333,31.8825
-109.20333,31.8825
-109.20395,31.882593
-110.926479,32.221743
-109.48955,36.14306
-112.00167,36.25694
-112.00167,36.25694
-112.00167,36.25694
-112.00167,36.25694
-112.00167,36.25694
-112.00167,36.25694
-112.00167,36.25694
-112.23028,36.70722
-111.15895,33.280079
-109.20333,31.8825
-109.20333,31.8825
-109.20333,31.8825
-92.224595,33.745774
-109.23333,31.87083
-109.23333,31.87083
-109.161,33.2007
-92.224595,33.745774
-111.35361,35.50583
-108.2604,33.2227
-109.20333,31.8825
-109.710791,32.578205
-109.29722,33.64417
-110.735649,32.423409
-110.735649,32.423409
-112.23028,36.70722
-112.23028,36.70722
-112.00167,36.25694
-112.23028,36.70722
-82.18556,38.12056
-108.2604,33.2227
-109.20395,31.882593
-109.20333,31.8825
-109.20333,31.8825
-109.20333,31.8825
-111.15895,33.280079
-109.20395,31.882593
-106.90694,33.805
-109.20333,31.8825
-110.745805,32.169492
-111.14889,34.39278
-109.20333,31.8825
-109.20333,31.8825
-109.20333,31.8825
-109.20333,31.8825
-109.20333,31.8825
-109.20333,31.8825
-110.55333,32.20944
-109.30111,33.73167
-109.30111,33.73167
-110.877572,32.2102
-109.20333,31.8825
-110.735649,32.423409
-104.81972,41.14
-104.987867,40.584514
-104.63031,40.403843
-104.695704,40.386398
-104.66694,39.85833
-104.974456,39.868019
-104.81972,41.14
-105.129253,39.737994
-108.7587,38.8711
-105.112239,40.16635
-104.865,39.955278
-108.38889,44.8375
-105.594339,40.695557
-105.59392,41.308013
-109.060943,44.528566
-110.9625,41.26833
-103.20722,40.62556
-109.46945,41.522996
-104.89031,39.73577
-104.66694,39.85833
-104.81972,41.14
-106.317307,42.858114
-105.094949,40.560543
-105.121549,40.164332
-104.660605,39.830574
-104.687061,39.888642
-104.770559,38.810747
-107.238663,41.79107
-105.073779,39.948634
-105.149232,38.961602
-104.94285,39.74756
-107.238663,41.79107
-104.490458,38.650426
-105.026376,39.749437
-109.238266,41.601586
-104.694497,39.230372
-105.52111,40.37722
-105.382207,42.75969
-104.949911,39.932157
-104.877991,39.584128
-104.709133,40.423313
-107.100623,37.280642
-108.725641,39.186504
-102.622843,37.411803
-107.87556,37.04583
-104.81972,41.14
-104.77472,39.94444
-104.337907,39.873629
-104.583942,38.283469
-104.950246,39.747608
-105.02061,39.719165
-104.627018,38.32137
-105.158539,39.788023
-109.238266,41.601586
-108.608242,38.396594
-105.319714,39.422892
-105.461144,40.666417
-105.078068,40.420133
-104.971805,39.599319
-104.972359,39.935679
-104.856105,39.751539
-104.362677,41.045884
-105.162511,39.91623
-105.158539,39.788119
-106.317307,42.858114
-104.81972,41.14
-105.620426,44.290275
-104.897436,40.511726
-108.58528,37.34889
-88.64361,42.63306
-105.176126,40.05846
-104.915186,40.710683
-105.084069,40.188661
-104.829194,41.170091
-104.680898,40.418678
-104.632536,38.985862
-108.055111,39.162722
-105.140629,39.630149
-104.829194,41.170091
-104.436463,39.42049
-105.013257,39.840802
-106.636483,39.637064
-108.85071,39.215847
-110.9625,41.26833
-104.561432,38.822227
-104.768513,38.960664
-104.8167,39.7167
-104.580393,38.312354
-105.50167,44.29111
-120.240778,39.431871
-106.271857,35.779735
-82.948195,34.696766
-83.868157,40.127257
-112.59003594802556,37.09759839389193
-113.45528025618894,37.373246726177605
-112.99962208042415,40.35908420866055
-113.45528025618894,37.373246726177605
-114.02602168228533,37.1206683865313
-113.53206234341853,37.39102583171759
-111.84833701032467,40.76486589793979
-111.89083807156763,40.760695671761546
-113.42020556658628,37.00522498249746
-112.99962208042415,40.35908420866055
-113.45528025618894,37.373246726177605
-112.99962208042415,40.35908420866055
-113.53206234341853,37.39102583171759
-111.84055674846762,40.75986602496496
-111.45062368891712,41.367809994566954
-110.129084,39.357224
-111.2848026339036,41.64659738656835
-111.84833701032467,40.76486589793979
-110.12466388073389,39.10657425218007
-113.47831101286687,37.391026191071305
-111.81264242976944,41.30059845773591
-109.67716218106571,40.060070938742136
-109.50537297104792,38.62701683836123
-113.3694856601031,39.8592497666087
-109.79958464773372,40.9091172793921
-111.5343017901088,38.30607022969601
-113.47831101286687,37.391026191071305
-113.70630468547077,39.89709677665165
-111.92306096010277,40.93430289969621
-107.53179215165399,36.80302033724527
-112.99962208042415,40.35908420866055
-111.5343017901088,38.30607022969601
-111.64417517613707,41.893461759962705
-111.5343017901088,38.30607022969601
-111.2848026339036,41.64659738656835
-113.45528025618894,37.373246726177605
-111.82444526282801,40.66875749640593
-111.2848026339036,41.64659738656835
-113.48991158597617,37.41824553085319
-111.57240882085195,38.88194906695711
-111.84833701032467,40.76486589793979
-110.8545128593932,39.11589945895449
-111.81252940399816,40.187515036281326
-111.45062368891712,41.367809994566954
-112.23854105557614,39.35877608410866
-113.45528025618894,37.373246726177605
-113.0929,37.6828
-111.45062368891712,41.367809994566954
-112.59003594802556,37.09759839389193
-112.79358296908367,40.03469084447766
-111.54571245338883,38.341989457100205
-111.82444526282801,40.66875749640593
-113.45528025618894,37.373246726177605
-87.3514,33.464
-82.50942,41.913916
-116.866608,36.461737
-76.923365,38.730111
-112.43892,53.160706
-80.398407,42.583243
-79.167,43.816
-79.592947,43.832719
-79.33981,43.714344
-109.7873,32.70012
-112.23644,36.631819
-112.23644,36.631819
-110.57825,34.1187
-110.57979,34.03231
-110.57975,34.03235
-109.58266,33.78007
-109.5827,33.78025
-110.57975,34.0321
-110.57984,34.03253
-109.58296,33.78013
-109.58304,33.78042
-109.583,33.78028
-110.57954,34.03224
-110.58022,34.03224
-110.16219,33.7361
-110.58065,34.0321
-109.28581,33.12116
-109.2856,33.12012
-110.57973,34.03221
-110.57992,34.03221
-109.58249,33.78075
-108.306656,49.445697
-123.87162,49.474208
-75.434217,43.746979
-75.434217,43.746979
-75.434217,43.746979
-75.434217,43.746979
-75.434217,43.746979
-75.434217,43.746979
-75.434217,43.746979
-75.434217,43.746979
-75.434217,43.746979
-75.434217,43.746979
-75.434217,43.746979
-75.434217,43.746979
-75.434217,43.746979
-75.434217,43.746979
-75.434217,43.746979
-75.434217,43.746979
-75.434217,43.746979
-75.434217,43.746979
-75.434217,43.746979
-75.434217,43.746979
-75.434217,43.746979
-75.434217,43.746979
-75.434217,43.746979
-75.434217,43.746979
-75.434217,43.746979
-75.434217,43.746979
-75.434217,43.746979
-75.434217,43.746979
-75.434217,43.746979
-75.434217,43.746979
-78.253029,42.576945
-75.434217,43.746979
-73.871171,44.229021
-73.871171,44.229021
-72.48556,41.01056
-75.434217,43.746979
-75.434217,43.746979
-75.434217,43.746979
-75.434217,43.746979
-75.434217,43.746979
-75.434217,43.746979
-75.434217,43.746979
-75.434217,43.746979
-75.434217,43.746979
-75.434217,43.746979
-75.434217,43.746979
-75.434217,43.746979
-75.434217,43.746979
-75.434217,43.746979
-75.434217,43.746979
-75.434217,43.746979
-76.26694,42.54667
-73.915339,42.909718
-72.30389,41.13889
-76.526852,43.221386
-76.614978,43.197213
-72.46361,41.04778
-75.434217,43.746979
-75.434217,43.746979
-75.434217,43.746979
-75.434217,43.746979
-75.434217,43.746979
-75.434217,43.746979
-75.434217,43.746979
-75.434217,43.746979
-75.434217,43.746979
-75.434217,43.746979
-75.434217,43.746979
-75.434217,43.746979
-75.434217,43.746979
-75.434217,43.746979
-75.434217,43.746979
-75.434217,43.746979
-75.434217,43.746979
-75.434217,43.746979
-75.434217,43.746979
-75.434217,43.746979
-75.434217,43.746979
-75.434217,43.746979
-75.434217,43.746979
-75.434217,43.746979
-75.434217,43.746979
-75.434217,43.746979
-75.434217,43.746979
-75.761227,42.970809
-75.434217,43.746979
-75.434217,43.746979
-75.434217,43.746979
-75.434217,43.746979
-75.434217,43.746979
-75.434217,43.746979
-75.434217,43.746979
-77.558162,38.316973
-83.740648,42.280083
-122.931761,44.128981
-106.274038,35.780882
-77.677016,43.998631
-104.861168,39.800011
-104.861168,39.800011
-104.861168,39.800011
-104.861168,39.800011
-104.861168,39.800011
-104.861168,39.800011
-104.797768,39.810875
-104.797768,39.810875
-93.25848,44.97999
-112.801769,51.190829
-117.704154,47.509191
-118.3872,46.0494
-79.09511,42.84543
-105.250836,39.328707
-71.963934,42.879068
-71.439271,42.662621
-74.080638,44.92692
-69.976995,44.305069
-98.269167,49.992778
-105.09367678403721,36.65440660211179
-106.59216987803167,35.8200907808957
-106.38783986026544,35.081049761503316
-106.64229423165908,35.828854308097505
-107.37828538335447,33.57582711332235
-103.668555,41.690249
-103.783836,41.782747
-112.416667,59.116667
-71.792372,41.350996
-75.209925,40.055287
-106.274024,35.78085
-75.747938,39.731317
-80.398544,42.582812
-122.54392,47.200848
-118.6754,42.264062
-84.123597,33.659547
-97.703542,30.527039
-97.525333,30.647695
-106.27182,35.77967
-113.90428,49.065597
-81.480491,41.080157
-87.724319,41.988003
-116.541389,32.8375
-106.271861,35.779697
-80.235171,45.342109
-103.673114,41.716758
-69.993743,41.559302
-112.236603,40.381645
-93.947638,45.325837
-106.615975,35.149789
-87.646184,41.952079
-106.271851,35.779677
-84.409207,39.300061
-79.679895,44.745108
-115.755278,32.818056
-108.844658,39.26675
-82.606095,35.709945
-81.464456,44.416888
-106.271817,35.779808
-116.130132,44.703514
-96.757417,46.866028
-77.718773,43.99123
-75.108449,45.59892
-124.008621,40.350718
-113.476819,42.674529
-99.236412,23.771737
-74.576214,39.273385
-117.789392,49.335097
-72.842499,40.777031
-108.780098,39.366156
-94.085279,44.159507
-80.397109,42.582788
-77.170381,38.319152
-106.383895,35.128564
-124.797797,50.058114
-103.672991,41.71667
-87.633137,41.9632
-81.928704,36.5191
-79.328324,43.624379
-122.568258,37.892949
-122.928318,46.939526
-74.59267,42.29423
-111.822197,40.584142
-73.955851,40.795429
-124.074043,40.886975
-110.882402,31.733772
-77.280242,38.928978
-83.384818,34.022257
-117.617054,45.152834
-122.495128,47.226113
-107.7289,49.246868
-75.916214,36.832101
-80.524928,42.605514
-103.673133,41.716589
-82.509438,41.91378
-90.927383,39.058617
-87.632492,41.883128
-88.14125,40.1348
-123.147146,49.186878
-111.35797,34.301108
-123.248542,49.363689
-76.620432,39.287126
-95.723614,44.941045
-100.210372,25.679016
-73.152496,40.904334
-75.071555,38.361651
-117.086175,32.795032
-80.397055,42.582745
-123.104287,47.046382
-105.429237,39.346794
-105.429237,39.346794
-104.845566,31.919647
-104.937004,32.003975
-86.8041,39.0504
-101.730003,34.207001
-101.852997,33.576
-101.852997,33.576
-104.748512,32.08437
-102.362999,33.595001
-101.852997,33.576
-108.985893,31.34955
-108.985893,31.34955
-101.852997,33.576
-101.852997,33.576
-108.623756,33.397759
-102.336998,33.925999
-108.623756,33.397759
-108.623756,33.397759
-108.623756,33.397759
-119.907692,39.198238
-102.927368,36.859512
-102.927368,36.859512
-99.773003,30.490999
-99.773003,30.490999
-99.773003,30.490999
-99.773003,30.490999
-105.304947,39.352032
-105.304947,39.352032
-105.304947,39.352032
-105.304947,39.352032
-105.304947,39.352032
-105.304947,39.352032
-105.304947,39.352032
-105.304947,39.352032
-105.304947,39.352032
-105.304947,39.352032
-105.304947,39.352032
-105.304947,39.352032
-105.304947,39.352032
-105.304947,39.352032
-105.304947,39.352032
-105.304947,39.352032
-105.305008,39.366531
-107.366417,33.58593
-101.799004,33.648998
-103.747002,30.829001
-101.852997,33.576
-104.747002,31.988001
-109.358902,37.707478
-109.358902,37.707478
-109.358902,37.707478
-109.358902,37.707478
-109.358902,37.707478
-109.358902,37.707478
-109.358902,37.707478
-102.909309,36.888523
-102.909309,36.888523
-102.909309,36.888523
-102.909309,36.888523
-102.909309,36.888523
-102.909309,36.888523
-102.745003,33.084
-122.571955,37.892095
-74.530022,39.490387
-72.982354,40.772826
-107.903502,32.901308
-119.471145,49.910011
-77.558123,38.316959
-87.447341,35.565857
-74.962331,38.940401
-87.632374,41.963379
-79.202933,45.300595
-122.506439,41.090135
-74.168594,40.737171
-75.155687,38.200172
-76.515072,37.22857
-77.120439,39.108723
-87.614228,41.884838
-81.240285,41.559843
-120.714492,40.176708
-106.271806,35.779765
-79.323794,43.626409
-81.160156,41.484103
-81.710679,41.444635
-108.501632,32.972516
-92.631438,47.327997
-84.952978,46.768604
-84.952645,46.76857
-79.348561,42.858655
-74.957921,38.932891
-79.544533,43.63527
-111.253422,33.777204
-117.94094,49.25864
-121.459853,49.111553
-88.267863,40.115995
-77.527767,43.959489
-87.617067,41.865454
-82.50939,41.913834
-87.796336,42.107046
-80.390825,42.581463
-123.826413,48.150372
-117.441046,49.498081
-73.346882,40.877715
-88.376067,39.88003
-78.023856,45.102038
-111.08949,34.320584
-83.249024,46.368211
-96.755917,32.815457
-88.822562,47.13546
-77.336694,39.048075
-87.632886,41.962604
-122.505243,47.435951
-113.999167,50.919224
-109.163672,31.896203
-120.25411305371132,41.56188021586924
-116.7564860062209,38.67319687743236
-116.97171664783423,48.6336673359953
-80.398481,42.582826
-76.616683,39.292033
-80.569147,42.562829
-77.302789,38.760639
-122.281846,47.724243
-123.507265,38.773073
-77.357675,38.91332
-117.747582,52.933239
-111.836815,41.257415
-116.788612,33.12
-123.004394,49.305717
-116.866622,36.461678
-104.82949,38.91949
-90.232478,38.634664
-106.524276,35.14706
-121.926884,47.258853
-109.249612,41.59688
-123.09356,48.77252
-80.397408,42.582699
-80.398098,42.582746
-87.645443,41.954379
-121.588992,46.686416
-76.676139,39.360514
-87.538127,41.749754
-81.136835,35.108047
-83.153949,41.414555
-108.821299,33.367782
-101.855166,33.577863
-108.821299,33.367782
-108.537407,33.023555
-94.90881,29.222183
-94.53498,30.641749
-108.193755,32.77
-108.573843,33.37944
-94.289074,30.772841
-108.193755,32.77
-108.573843,33.37944
-108.193755,32.77
-108.573843,33.37944
-104.442937,32.178064
-111.502572,35.252391
-104.780658,31.983653
-89.304367,37.269893
-108.80905,33.378005
-104.442937,32.178064
-108.80905,33.378005
-108.883119,33.316729
-108.821299,33.367782
-108.8825,33.40341
-104.444272,32.175375
-108.80905,33.378005
-108.821299,33.367782
-122.102732,47.759727
-94.685547,30.69222
-108.573843,33.37944
-98.172415,23.16951
-108.193755,32.77
-108.8825,33.40341
-104.754675,31.979228
-104.441172,32.177068
-108.573843,33.37944
-94.289074,30.772841
-108.193755,32.77
-108.573843,33.37944
-108.193755,32.77
-118.216111,36.999722
-110.740833,31.925
-100.916664,32.716667
-81.44791,41.392289
-87.614952,41.853035
-87.614952,41.853035
-87.614952,41.853035
-90.861435,44.901264
-87.616852,41.866036
-87.650055,41.850033
-108.582504,33.399384
-115.564438,51.17833
-109.382317,31.929791
-87.576042,41.783634
-101.296646,48.233311
-87.805168,42.185127
-88.0078,41.88
-109.382317,31.929791
-87.036934,41.663139
-87.614952,41.853035
-87.650055,41.850033
-87.616852,41.866036
-87.614952,41.853035
-87.616852,41.866036
-110.0,50.966667
-87.614952,41.853035
-93.530212,47.237145
-88.0669,41.8775
-87.865654,41.638832
-87.614952,41.853035
-88.1472,41.7858
-87.614952,41.853035
-87.616852,41.866036
-87.576042,41.783634
-87.036934,41.663139
-87.576042,41.783634
-87.650055,41.850033
-88.0036,41.9983
-87.650055,41.850033
-87.616852,41.866036
-87.614952,41.853035
-87.576042,41.783634
-87.631554,41.883934
-87.650055,41.850033
-93.055183,34.503689
-87.631554,41.883736
-87.614952,41.853035
-87.614952,41.853035
-87.802841,42.018921
-87.865654,41.638832
-87.650055,41.850033
-87.614952,41.853035
-92.769081,37.968933
-72.840942,40.80204
-112.173439,46.963944
-87.614952,41.853035
-87.614952,41.853035
-87.614952,41.853035
-87.616852,41.866036
-87.650055,41.850033
-84.012749,42.456333
-87.614952,41.853035
-87.650055,41.850033
-87.614952,41.853035
-89.328705,41.714203
-87.616852,41.866036
-87.608643,41.718136
-87.614952,41.853035
-87.614952,41.853035
-90.16419,48.00869
-87.650055,41.850033
-87.614952,41.853035
-87.650055,41.850033
-87.650055,41.850033
-87.616852,41.866036
-87.614952,41.853035
-87.656677,41.99147
-87.614952,41.853035
-88.0078,41.88
-87.650055,41.850033
-87.614952,41.853035
-87.650055,41.850033
-87.036934,41.663139
-87.614952,41.853035
-87.616852,41.866036
-87.633102,41.633369
-87.61335,41.867535
-88.0078,41.88
-87.614952,41.853035
-87.650055,41.850033
-122.458992,44.515846
-88.10701,41.866142
-87.614952,41.853035
-87.576042,41.783634
-83.640278,37.9
-87.614952,41.853035
-87.614952,41.853035
-87.503055,44.458333
-87.614952,41.853035
-99.025,22.608333
-122.506493,41.090229
-103.410872,44.061828
-94.513565,35.635948
-106.271835,35.779665
-99.02037321065674,24.600760167275205
-104.81972,41.14
-109.241979,43.890349
-105.59056,41.31139
-105.59056,41.31139
-81.809,41.207222
-82.1775,41.344167
-81.453333,41.644444
-122.251766,47.555782
-80.079199,42.565297
-72.977756,43.61137
-71.963934,42.879068
-72.977756,43.61137
-71.963934,42.879068
-71.963934,42.879068
-79.383333,43.666667
-79.383333,43.666667
-79.383333,43.666667
-83.55719000000002,46.25695999905775
-79.383333,43.666667
-79.383333,43.666667
-79.366667,43.65
-79.366667,43.65
-79.366667,43.65
-98.633333,51.766667
-79.366667,43.65
-81.666667,45.183333
-75.7,45.416667
-75.7,45.416667
-75.7,45.416667
-83.383333,35.2
-117.266667,52.916667
-86.766667,37.933333
-86.15,38.2
-97.083333,47.85
-82.533333,41.95
-82.533333,41.95
-84.31516000000002,46.5264899990582
-86.9,41.716667
-86.9,40.416667
-86.9,40.416667
-79.383333,43.666667
-79.383333,43.666667
-79.383333,43.666667
-79.383333,43.666667
-79.383333,43.666667
-79.383333,43.666667
-79.383333,43.666667
-79.383333,43.666667
-79.383333,43.666667
-79.383333,43.666667
-108.483333,55.85
-113.96667,47.883333
-113.96667,47.883333
-103.6,43.7667
-79.433333,43.7
-79.066667,43.7
-84.748219,49.267824
-80.42548,42.57933999906001
-80.6,46.033333
-80.6,46.033333
-80.6,46.033333
-78.16923,43.965999999057324
-79.10194999999999,43.83106999905748
-119.366667,50.2
-79.466667,44.0
-79.616667,43.983333
-79.616667,43.983333
-79.616667,43.983333
-78.61605,43.980979999057304
-81.33395,42.95424999905907
-81.33395,42.95424999905907
-81.33395,42.95424999905907
-113.866667,50.583333
-81.33395,42.95424999905907
-81.33395,42.95424999905907
-104.616667,50.45
-80.11146,42.88633999905922
-79.25337,42.8921799990592
-119.366667,50.2
-77.37405197301882,44.39544518022871
-71.766667,44.3
-81.333333,43.0
-81.45,50.6
-81.45,50.6
-81.50064999999998,43.015949999058925
-81.50064999999998,43.015949999058925
-87.26537459279186,48.80731157551033
-79.36179147540277,44.67598467433634
-79.76974,43.346239999058255
-79.76974,43.346239999058255
-80.4,51.333333
-106.5,51.816667
-113.15,51.483333
-101.820546,33.610206
-122.442585,42.843728
-101.735266,30.454016
-100.492702,31.135692
-100.496413,31.417163
-101.892923,35.837687
-103.299404,29.239167
-106.234794,31.78807
-104.123456,30.69355
-106.234794,31.78807
-106.239858,31.737157
-100.812558,35.401163
-101.896946,34.965854
-103.299404,29.239167
-101.735266,30.454016
-122.442585,42.843728
-107.329287,33.589595
-109.075817,39.603322
-109.075817,39.603322
-107.329287,33.589595
-102.182858,29.84228
-106.236095,31.751661
-122.442585,42.843728
-104.13731,30.67597
-103.299404,29.239167
-97.29124,32.771556
-106.236095,31.751661
-106.234794,31.78807
-106.234794,31.78807
-73.885969,40.861211
-109.075817,39.603322
-106.234794,31.78807
-104.12345,30.69355
-106.236095,31.751661
-106.234794,31.78807
-104.106745,30.707163
-95.690428,30.526084
-98.182447,30.788297
-106.234794,31.78807
-106.236095,31.751661
-122.442585,42.843728
-97.499893,47.939102
-109.075817,39.603322
-101.820546,33.610206
-106.234794,31.78807
-76.515926,37.23009
-94.871922,39.388531
-87.635933,41.886783
-124.065481,41.400779
-111.519997,50.759998
-87.699875,42.063892
-116.202078,43.603461
-109.342295,32.013571
-114.046476,51.749614
-122.551163,47.250225
-111.517,50.756
-87.3514,33.464
-113.984615,48.54674
-77.71872,43.991207
-112.110764,37.665592
-89.402778,43.077172
-89.241588,37.59903
-103.799888,34.433516
-122.493138,47.241968
-81.90449,43.213259
-123.136344,49.298005
-80.38037,42.578912
-122.476044,37.767735
-89.012642,37.347564
-106.49395140543943,35.0611057049374
-108.59760261106396,33.44054238075913
-105.41792346703437,35.658791700009715
-106.30431362224576,35.19636133923095
-106.30675510206646,35.88804669227529
-106.83948437070521,35.963989086213466
-108.87860769661692,33.33114492649222
-109.008874,40.499855
-108.441159,38.868988
-108.59760261106396,33.44054238075913
-108.06018981090097,33.37404812917497
-108.90731158682163,33.61153693129535
-106.31357086855601,35.1977032579698
-106.59216987803167,35.8200907808957
-108.673329,40.4571
-108.990119,40.606183
-105.48915,33.63342
-108.025893,33.184063
-106.37485716499823,35.03361401132438
-106.83888205117256,36.04958509859755
-106.31105279695629,35.19674229477607
-106.37485716499823,35.03361401132438
-106.37485716499823,35.03361401132438
-106.4914613784714,35.065810600681885
-106.83948437070521,35.963989086213466
-119.85226470972506,47.08938929264009
-108.005556,34.958611
-108.745984,40.454647
-108.59760261106396,33.44054238075913
-106.37485716499823,35.03361401132438
-104.603417,32.059667
-108.59760261106396,33.44054238075913
-106.83948437070521,35.963989086213466
-105.48915,33.63342
-106.30431362224576,35.19636133923095
-106.59216987803167,35.8200907808957
-108.940729,40.63212
-108.673329,40.4571
-105.591101,41.311367
-107.078325,33.892872
-108.49985000000001,33.0626899991369
-107.89439,33.43887
-107.909692,32.995614
-107.912281,34.730565
-106.61738378359773,35.092168285240476
-106.30765757048947,35.1786097600356
-105.21471711774204,35.64358209102139
-106.59216987803167,35.8200907808957
-104.820244,41.13998
-108.990119,40.606183
-106.37485716499823,35.03361401132438
-108.441159,38.868988
-106.57338,32.78703
-108.06018981090097,33.37404812917497
-108.06018981090097,33.37404812917497
-106.83948437070521,35.963989086213466
-106.54280084044913,35.086064827914115
-106.38783986026544,35.081049761503316
-106.30431362224576,35.19636133923095
-106.41556712429423,35.791295394503685
-105.098947,39.106804
-108.011323,39.737736
-105.591101,41.311367
-111.241149,38.443962
-112.110329,37.666145
-105.285766,38.928446
-106.986684,36.656503
-106.17832,36.95652
-107.928533,34.674953
-107.928533,34.674953
-109.04607,33.71585999912844
-108.59760261106396,33.44054238075913
-106.83948437070521,35.963989086213466
-108.63879629465607,33.39725837026502
-109.35869027004145,37.70741568364669
-106.30431362224576,35.19636133923095
-116.47092973840986,38.7315378582778
-108.87860769661692,33.33114492649222
-106.37485716499823,35.03361401132438
-104.872882,41.145171
-103.668555,41.690249
-108.99614791998506,33.11496742304939
-107.15477734145901,34.047534453192554
-108.59760261106396,33.44054238075913
-106.83888205117256,36.04958509859755
-106.65201359923051,35.083889309546066
-105.48915,33.63342
-106.30431362224576,35.19636133923095
-106.36220683042175,35.03194911864822
-106.38783986026544,35.081049761503316
-104.469328624064,32.11574842477261
-109.008874,40.499855
-108.419401,37.258811
-109.125746,33.848152
-107.89439,33.43887
-107.909692,32.995614
-107.912281,34.730565
-108.34591999999999,34.022429999124626
-106.83948437070521,35.963989086213466
-108.673329,40.4571
-106.41556643920887,35.70489544118485
-106.30431362224576,35.19636133923095
-106.62978993829628,35.0714897350834
-108.87860769661692,33.33114492649222
-108.745984,40.454647
-107.078325,33.892872
-106.83948437070521,35.963989086213466
-106.41556643920887,35.70489544118485
-105.65167,33.32785
-106.38783986026544,35.081049761503316
-108.673329,40.4571
-106.653487,35.083365
-107.928533,34.674953
-107.928533,34.674953
-108.87860769661692,33.33114492649222
-108.59760261106396,33.44054238075913
-106.37485716499823,35.03361401132438
-106.80648679286469,35.996931495437956
-106.30431362224576,35.19636133923095
-106.59216987803167,35.8200907808957
-108.87860769661692,33.33114492649222
-104.702473,41.297784
-108.63879629465607,33.39725837026502
-108.990119,40.606183
-106.37485716499823,35.03361401132438
-103.668555,41.690249
-105.41792346703437,35.658791700009715
-106.38783986026544,35.081049761503316
-106.61809773773311,35.08392448668432
-108.09794010034229,34.82826999448784
-105.098947,39.106804
-104.820244,41.13998
-108.673329,40.4571
-104.471675,32.109507
-106.17832,35.95652
-108.5794,33.402083
-107.6579,33.1099
-108.025893,33.184063
-107.99691,35.051962
-107.909692,32.995614
-107.929597,34.763519
-107.928533,34.674953
-106.38783986026544,35.081049761503316
-106.59216987803167,35.8200907808957
-108.59760261106396,33.44054238075913
-108.59760261106396,33.44054238075913
-106.30431362224576,35.19636133923095
-104.820244,41.13998
-106.83948437070521,35.963989086213466
-106.83948437070521,35.963989086213466
-105.41792346703437,35.658791700009715
-105.51064746030124,36.12519033678801
-106.30431362224576,35.19636133923095
-106.41556712429423,35.791295394503685
-108.97175,32.1084
-107.89635,33.43875
-109.484238,33.586749
-108.025893,33.184063
-107.89439,33.43887
-107.929497,34.763524
-107.810756,32.837813
-108.97966,33.036381
-106.65201359923051,35.083889309546066
-106.26746714978286,36.51677853051719
-108.87860769661692,33.33114492649222
-108.91300965523472,33.345546332963984
-106.83888205117256,36.04958509859755
-106.38783986026544,35.081049761503316
-106.30431362224576,35.19636133923095
-106.36220683042175,35.03194911864822
-107.62371374938911,35.2747723874676
-108.673329,40.4571
-108.408079,37.247626
-108.990119,40.606183
-106.37485716499823,35.03361401132438
-102.427582,43.900692
-104.558056,42.197734
-106.2936,35.95915
-106.83948437070521,35.963989086213466
-106.30431362224576,35.19636133923095
-106.30431362224576,35.19636133923095
-106.59216987803167,35.8200907808957
-106.41556712429423,35.791295394503685
-106.55822347547898,35.11739796823361
-104.820244,41.13998
-108.50075,32.780412
-108.713883,33.563717
-107.929513,34.763559
-107.929497,34.763524
-107.928533,34.674953
-108.7164705381365,31.55626250867274
-107.48790793364665,37.02438378569887
-108.06018981090097,33.37404812917497
-106.48532747614472,35.09862881590966
-106.59216987803167,35.8200907808957
-106.59216987803167,35.8200907808957
-108.673329,40.4571
-108.990119,40.606183
-109.197567,32.868401
-106.63237356157485,35.27130577755113
-106.59216987803167,35.8200907808957
-116.47092973840986,38.7315378582778
-109.226593,41.587464
-103.783836,41.782747
-108.577217,33.463983
-109.18659,31.87107
-106.610176,35.117546
-107.909692,32.995614
-107.928533,34.674953
-108.87860769661692,33.33114492649222
-108.87860769661692,33.33114492649222
-105.591101,41.311367
-106.4914613784714,35.065810600681885
-108.59760261106396,33.44054238075913
-106.65201359923051,35.083889309546066
-107.40426902720264,33.575324991160244
-106.59216987803167,35.8200907808957
-106.41556712429423,35.791295394503685
-108.87860769661692,33.33114492649222
-106.41556231939133,35.17860819791418
-107.820752,39.614419
-106.37485716499823,35.03361401132438
-112.110329,37.666145
-107.078325,33.892872
-106.37485716499823,35.03361401132438
-108.59760261106396,33.44054238075913
-109.351467,33.598665
-108.70680457416591,33.34554645489796
-106.30431362224576,35.19636133923095
-106.30431362224576,35.19636133923095
-106.38783986026544,35.081049761503316
-108.14096022493545,34.833786618191226
-112.166661,37.712363
-110.014129,37.582337
-104.049233,41.988717
-107.209267,33.145017
-109.96,49.6189
-78.860435,38.426512
-92.08847,46.809503
-123.422781,49.486053
-92.412852,44.522101
-109.96,49.6189
-66.122048,43.744312
-114.318415,39.006224
-81.454276,41.146501
-60.007139,43.932608
-72.828842,40.7672
-74.957899,38.932864
-76.615222,39.291152
-63.542422,44.661422
-77.366333,38.563889
-123.114552,49.242893
-78.595725,45.54995
-87.58367,41.781128
-87.634972,41.926574
-106.274209,35.781042
-84.483865,42.736979
-79.492914,42.826149
-76.770083,37.210247
-82.509408,41.913867
-76.941816,38.912699
-78.128009,44.462611
-122.9188,40.872883
-80.760857,42.636829
-118.78831019234505,45.67196061035414
-122.74678185778029,48.993613180143335
-122.82704973917093,47.450514916983224
-122.44403571840007,47.252819308091134
-117.04497701874449,46.41617170222382
-122.96245336161826,42.09305910306124
-122.55112,47.76048
-118.34270546639435,46.06446225800963
-122.33174026252954,47.60611928532362
-122.96245336161826,42.09305910306124
-117.42581025990684,47.658664404268414
-122.34202591308281,46.90552162745839
-118.38800639149439,46.04916194469943
-122.20514029914897,47.76222010515254
-122.163,47.754
-118.353,46.03431
-118.38800639149439,46.04916194469943
-118.38800639149439,46.04916194469943
-121.92903782070177,47.98322229185212
-122.151132,47.597756
-118.38800639149439,46.04916194469943
-118.38800639149439,46.04916194469943
-121.55400555765155,46.90252915907477
-121.9286935542941,45.80393132584597
-122.37704580752494,47.81051831422916
-120.95227997427178,46.90485780861579
-122.3104,46.843799999058824
-120.9373913825538,46.89462098858614
-120.9373913825538,46.89462098858614
-120.9373913825538,46.89462098858614
-119.26774,47.131634
-122.52534829103688,47.746917022797085
-118.81946735536673,48.553982857934884
-119.85226755933576,47.23414381099744
-121.97262705778583,47.42162330161196
-122.71203903613024,47.08221733775278
-122.552,47.1385
-122.33174026252954,47.60611928532362
-118.4245,47.98299999906204
-122.90034292010453,47.037815680011555
-123.80425795554426,46.66300847772512
-122.12484604929053,48.12625512213049
-122.486978,47.762484
-117.42581025990684,47.658664404268414
-122.39846204845074,47.93489682238143
-121.77763613504248,48.08972355821254
-120.882277,47.272986
-86.87535907355966,40.417075307062944
-122.04532238354211,47.105323686062434
-118.59274224264193,46.238502177906504
-119.6364733487684,47.811444290947215
-87.636492,41.880997
-87.741387,41.977869
-114.124941,37.25848
-87.636211,41.881676
-121.31274,39.584725
-88.544403,39.798721
-114.935578,38.5397
-82.50923,41.91005
-107.728487,49.247188
-122.493858,47.363755
-107.5148,33.8831
-108.50145,32.78046
-108.50145,32.78046
-108.50145,32.78046
-103.5895,42.70569
-103.56695,42.697117
-99.09513,40.6999
-103.141217,41.191833
-104.0437,41.160117
-103.662783,41.24815
-103.991767,41.529717
-102.628733,41.138967
-104.002733,41.5486
-103.2609,41.205933
-104.002733,41.5486
-105.48915,33.63342
-105.48915,33.63342
-107.89439,33.43887
-107.909692,32.995614
-106.538606,35.047725
-106.59216987803167,35.8200907808957
-105.41792346703437,35.658791700009715
-106.83948437070521,35.963989086213466
-106.38783986026544,35.081049761503316
-106.38783986026544,35.081049761503316
-105.21471711774204,35.64358209102139
-108.27613763329876,32.772268173105864
-109.47963326910143,37.69653518051741
-106.30431362224576,35.19636133923095
-104.37059446212766,36.068052387030505
-107.820752,39.614419
-106.37485716499823,35.03361401132438
-108.990119,40.606183
-112.166661,37.712363
-111.241149,38.443962
-106.52480000000001,35.81469999910437
-105.21471711774204,35.64358209102139
-105.21471711774204,35.64358209102139
-106.59216987803167,35.8200907808957
-110.005654,37.586385
-110.698718,37.833952
-106.8115,35.993667
-108.025893,33.184063
-107.89439,33.43887
-107.89439,33.43887
-107.89439,33.43887
-108.54935,33.01444999913753
-108.87860769661692,33.33114492649222
-104.820244,41.13998
-108.06018981090097,33.37404812917497
-107.57067943205416,33.87423593278111
-106.59216987803167,35.8200907808957
-106.38783986026544,35.081049761503316
-104.820244,41.13998
-108.673329,40.4571
-106.37485716499823,35.03361401132438
-108.06018981090097,33.37404812917497
-105.48915,33.63342
-106.37614274167528,35.10429324454239
-106.30431362224576,35.19636133923095
-106.30431362224576,35.19636133923095
-106.59216987803167,35.8200907808957
-108.745984,40.454647
-108.990119,40.606183
-106.986684,36.656503
-105.48915,33.63342
-107.928533,34.674953
-107.738592,33.199424
-105.51064746030124,36.12519033678801
-108.63879629465607,33.39725837026502
-106.42631414199502,35.88452514437785
-107.57067943205416,33.87423593278111
-106.38783986026544,35.081049761503316
-106.40944247776196,35.72957088754647
-108.88143169037613,33.32134518749756
-106.37485716499823,35.03361401132438
-113.986418,48.502344
-108.59760261106396,33.44054238075913
-106.4914613784714,35.065810600681885
-106.3745,35.03369999911277
-106.59216987803167,35.8200907808957
-106.30431362224576,35.19636133923095
-108.03277171332469,33.185591589125316
-107.820752,39.614419
-107.820752,39.614419
-108.990119,40.606183
-106.35791300000001,34.98525399911331
-105.48915,33.63342
-107.738592,33.199424
-106.65201359923051,35.083889309546066
-106.41556643920887,35.70489544118485
-108.59760261106396,33.44054238075913
-108.8720306123943,36.140175702503356
-106.59216987803167,35.8200907808957
-106.36220683042175,35.03194911864822
-106.2936,35.95915
-108.59760261106396,33.44054238075913
-108.90731158682163,33.61153693129535
-106.63237218812175,35.09520913092559
-106.80648679286469,35.996931495437956
-106.38783986026544,35.081049761503316
-109.35869027004145,37.70741568364669
-106.30431362224576,35.19636133923095
-106.54740708893313,35.864781966702
-105.595,35.578333
-108.87860769661692,33.33114492649222
-108.88143169037613,33.32134518749756
-108.63879629465607,33.39725837026502
-107.32733,36.99213
-105.41792346703437,35.658791700009715
-105.21471711774204,35.64358209102139
-105.55174075582553,36.15498944284138
-106.41556712429423,35.791295394503685
-105.83333,32.89166
-105.076424,40.56153
-108.990119,40.606183
-106.65201359923051,35.083889309546066
-106.38783986026544,35.081049761503316
-102.76704156153535,43.98318387236213
-108.88143169037613,33.32134518749756
-112.828661,37.65366
-106.8115,35.993667
-107.97625,33.04486
-107.92115,32.58533999914336
-107.928533,34.674953
-107.928533,34.674953
-108.87860769661692,33.33114492649222
-106.3745,35.03369999911277
-108.06018981090097,33.37404812917497
-106.31105279695629,35.19674229477607
-106.31357086855601,35.1977032579698
-106.31357086855601,35.1977032579698
-106.41556712429423,35.791295394503685
-108.59760261106396,33.44054238075913
-106.30765757048947,35.1786097600356
-106.30765757048947,35.1786097600356
-107.820752,39.614419
-108.745984,40.454647
-104.872882,41.145171
-106.4914613784714,35.065810600681885
-108.06018981090097,33.37404812917497
-107.5706791029288,33.8309361087525
-108.90731158682163,33.61153693129535
-106.37485716499823,35.03361401132438
-109.16142732818557,39.940546069869484
-108.88143169037613,33.32134518749756
-104.820244,41.13998
-108.673329,40.4571
-108.673329,40.4571
-111.241149,38.443962
-111.180009,38.185075
-108.990119,40.606183
-108.50075,32.780412
-107.928533,34.674953
-107.928533,34.674953
-107.928533,34.674953
-107.62371374938911,35.2747723874676
-108.06018981090097,33.37404812917497
-106.59216987803167,35.8200907808957
-106.38783986026544,35.081049761503316
-105.21471711774204,35.64358209102139
-108.87706027212288,31.533709369711488
-106.30431362224576,35.19636133923095
-108.59760261106396,33.44054238075913
-104.820244,41.13998
-106.37485716499823,35.03361401132438
-108.63879629465607,33.39725837026502
-108.419401,37.258811
-104.394112,34.325256
-108.99614791998506,33.11496742304939
-108.06018981090097,33.37404812917497
-106.38783986026544,35.081049761503316
-105.09367678403721,36.65440660211179
-106.2232909784358,35.25109841285273
-108.502569,38.763038
-107.909692,32.995614
-107.909692,32.995614
-107.928533,34.674953
-107.928533,34.674953
-105.937801,35.686974
-107.820752,39.614419
-105.41792346703437,35.658791700009715
-105.41792346703437,35.658791700009715
-106.31105279695629,35.19674229477607
-106.30431362224576,35.19636133923095
-106.59216987803167,35.8200907808957
-108.59760261106396,33.44054238075913
-105.098947,39.106804
-104.820244,41.13998
-108.990119,40.606183
-104.705179,44.58277
-111.836784,34.505607
-106.80648679286469,35.996931495437956
-106.38783986026544,35.081049761503316
-105.41792346703437,35.658791700009715
-105.21471711774204,35.64358209102139
-107.37828538335447,33.57582711332235
-109.35869027004145,37.70741568364669
-105.51064746030124,36.12519033678801
-106.83948360370877,35.992685417300066
-106.54037219058108,35.89999117810097
-108.90880386030392,36.061827315776114
-106.317307,42.858114
-104.55915,32.086267
-107.078325,33.892872
-106.8115,35.993667
-108.025893,33.184063
-107.89439,33.43887
-108.59760261106396,33.44054238075913
-106.63237218812175,35.09520913092559
-106.41556231939133,35.17860819791418
-106.37485716499823,35.03361401132438
-109.35869027004145,37.70741568364669
-106.59216987803167,35.8200907808957
-106.59216987803167,35.8200907808957
-104.37059446212766,36.068052387030505
-106.49395140543943,35.0611057049374
-108.59760261106396,33.44054238075913
-106.51425836282098,35.62888573298128
-109.358662,33.598746
-107.46466,33.06653
-108.025893,33.184063
-107.89439,33.43887
-106.37485716499823,35.03361401132438
-105.61762808697893,32.83117700025308
-106.38783986026544,35.081049761503316
-105.21471711774204,35.64358209102139
-106.41556712429423,35.791295394503685
-105.2795580830699,35.550520984158176
-104.375782,44.406375
-108.745984,40.454647
-108.990119,40.606183
-107.078325,33.892872
-106.16586,35.83364
-106.80648679286469,35.996931495437956
-108.990119,40.606183
-106.52157284011211,35.79129583450242
-106.59216987803167,35.8200907808957
-106.31357086855601,35.1977032579698
-105.51064746030124,36.12519033678801
-106.59216987803167,35.8200907808957
-107.51868424318425,33.88863581750758
-108.7164705381365,31.55626250867274
-104.820244,41.13998
-109.008874,40.499855
-106.889057,33.826532
-106.37485716499823,35.03361401132438
-106.41556643920887,35.70489544118485
-106.38783986026544,35.081049761503316
-106.38783986026544,35.081049761503316
-105.48915,33.63342
-106.30431362224576,35.19636133923095
-108.990119,40.606183
-110.757078,41.864026
-107.928533,34.674953
-108.49438203608383,32.77731186644404
-108.59760261106396,33.44054238075913
-105.36624593974598,36.6615780458793
-106.38783986026544,35.081049761503316
-108.673329,40.4571
-106.4914613784714,35.065810600681885
-105.5641473239041,36.313687770797024
-108.99614791998506,33.11496742304939
-106.59216987803167,35.8200907808957
-106.30431362224576,35.19636133923095
-106.30431362224576,35.19636133923095
-106.59216987803167,35.8200907808957
-108.673329,40.4571
-109.358662,33.598746
-107.404481,33.575344
-108.025893,33.184063
-107.89439,33.43887
-107.928533,34.674953
-108.8720306123943,36.140175702503356
-108.63879629465607,33.39725837026502
-108.99614791998506,33.11496742304939
-106.83948437070521,35.963989086213466
-106.38783986026544,35.081049761503316
-106.30431362224576,35.19636133923095
-106.65195359834337,35.08397130781936
-108.87860769661692,33.33114492649222
-107.26213,44.875246
-108.990119,40.606183
-106.57338,32.78703
-105.937799,35.686975
-105.48915,33.63342
-120.08999495225552,37.73661572564649
-106.70892494713546,35.19948314335829
-106.6509265760195,35.084456301136484
-104.820244,41.13998
-110.977655,37.808045
-107.92479,36.04391
-106.321111,35.778889
-109.20574,31.88301
-108.908371,33.755327
-106.30431362224576,35.19636133923095
-107.37828538335447,33.57582711332235
-104.875092,41.144638
-108.673329,40.4571
-110.626133,37.878672
-106.57338,32.78703
-106.49395140543943,35.0611057049374
-108.06018981090097,33.37404812917497
-106.38783986026544,35.081049761503316
-106.59216987803167,35.8200907808957
-106.38783986026544,35.081049761503316
-106.59216987803167,35.8200907808957
-105.72928196365487,32.69753531202838
-104.820244,41.13998
-108.745984,40.454647
-108.673329,40.4571
-110.87444,43.50083
-110.757078,41.864026
-109.035045,38.401384
-106.321111,35.778889
-105.48915,33.63342
-105.49959,36.73543
-107.385205,33.561283
-107.928533,34.674953
-107.928533,34.674953
-108.59760261106396,33.44054238075913
-108.7164705381365,31.55626250867274
-106.42465991930617,34.57292444409832
-108.87860769661692,33.33114492649222
-108.59760261106396,33.44054238075913
-106.41556231939133,35.17860819791418
-108.05556,44.48917
-106.37485716499823,35.03361401132438
-106.59216987803167,35.8200907808957
-106.30431362224576,35.19636133923095
-106.31286615080124,35.87443797908886
-104.820244,41.13998
-108.673329,40.4571
-108.990119,40.606183
-106.302958,35.880877
-104.037067,41.98665
-106.83948437070521,35.963989086213466
-106.74188300000002,36.09723299910149
-109.20574,31.88301
-105.41792346703437,35.658791700009715
-106.41556712429423,35.791295394503685
-107.93335544653702,33.47718992175455
-110.011538,37.615642
-108.59760261106396,33.44054238075913
-108.87860769661692,33.33114492649222
-105.5641473239041,36.313687770797024
-106.83948437070521,35.963989086213466
-105.21471711774204,35.64358209102139
-109.35869027004145,37.70741568364669
-106.38783986026544,35.081049761503316
-106.30431362224576,35.19636133923095
-108.59760261106396,33.44054238075913
-104.820244,41.13998
-110.977655,37.808045
-107.5706791029288,33.8309361087525
-105.55174075582553,36.15498944284138
-106.30431362224576,35.19636133923095
-107.6579,33.1099
-107.92115,32.58533999914336
-112.818128,36.500689
-106.38783986026544,35.081049761503316
-105.21471711774204,35.64358209102139
-108.63879629465607,33.39725837026502
-106.3072,35.193599999111
-106.30431362224576,35.19636133923095
-107.08817277408596,34.32452945343585
-106.60684278891151,35.127336466588254
-106.30765757048947,35.1786097600356
-108.990119,40.606183
-105.09367678403721,36.65440660211179
-106.60412636780818,35.082007607684496
-108.59263520607351,33.40387543465608
-104.820244,41.13998
-106.638934,43.71025
-112.110329,37.666145
-108.53005999999999,33.044379999137135
-107.929497,34.763524
-119.85556459234667,47.07894429880647
-106.37485716499823,35.03361401132438
-106.30431362224576,35.19636133923095
-106.83948437070521,35.963989086213466
-108.419401,37.258811
-107.156583,33.906277
-103.668555,41.690249
-106.29505,34.59495
-106.83948437070521,35.963989086213466
-106.38783986026544,35.081049761503316
-108.5794,33.402083
-108.14096022493545,34.833786618191226
-108.020763,39.752225
-108.673329,40.4571
-108.50075,32.780412
-108.577217,33.463983
-107.4689,33.0122
-107.928533,34.674953
-107.928533,34.674953
-108.87860769661692,33.33114492649222
-105.61242599204688,32.981970711049485
-108.59760261106396,33.44054238075913
-108.673329,40.4571
-106.37485716499823,35.03361401132438
-106.59216987803167,35.8200907808957
-108.88143169037613,33.32134518749756
-106.83948360370877,35.992685417300066
-108.59760261106396,33.44054238075913
-108.59263520607351,33.40387543465608
-108.59760261106396,33.44054238075913
-104.820244,41.13998
-104.820244,41.13998
-108.990119,40.606183
-106.8115,35.99366699910254
-109.20574,31.88301
-106.59216987803167,35.8200907808957
-106.51425836282098,35.62888573298128
-108.990119,40.606183
-105.48915,33.63342
-107.910733,32.995491
-106.59216987803167,35.8200907808957
-105.41792346703437,35.658791700009715
-109.35869027004145,37.70741568364669
-106.38783986026544,35.081049761503316
-106.59216987803167,35.8200907808957
-106.41556712429423,35.791295394503685
-105.098947,39.106804
-108.87860769661692,33.33114492649222
-108.06018981090097,33.37404812917497
-106.37485716499823,35.03361401132438
-106.59216987803167,35.8200907808957
-105.21471711774204,35.64358209102139
-107.50172,35.15032
-106.30431362224576,35.19636133923095
-106.49754355039379,35.068046513203704
-105.864941,42.86327
-108.673329,40.4571
-110.977655,37.808045
